"Record ID","Date","Year","Month","Quarter","Assigned Tenant Name","Unit","Assigned Sales Category","Assigned Group","City","Region","Mall","Floor","Zone","Sales","Cost","Rent","Transactions","Items Sold","Footfall","Currency","Profit","Variance","Target"
"R202401-1-01","2024-01-01","2024","2024-01","2024-Q1","Nova Fashion","U101","Fashion","Retail Group A","Riyadh","Central","Palm Mall","Ground","North","125362","71456","14820","448","582","1523","QAR","53906","-6396","131758"
"R202401-1-02","2024-01-01","2024","2024-01","2024-Q1","Urban Style","U102","Fashion","Retail Group B","Riyadh","Central","Palm Mall","First","South","109322","62314","12540","390","605","1443","QAR","47008","-2165","111487"
"R202401-1-03","2024-01-01","2024","2024-01","2024-Q1","Linen House","U103","Fashion","Retail Group C","Riyadh","Central","Palm Mall","Second","East","85903","48965","10260","307","553","1228","QAR","36938","-5314","91217"
"R202401-1-04","2024-01-01","2024","2024-01","2024-Q1","Tech Hub","U104","Electronics","Retail Group A","Riyadh","Central","Palm Mall","Ground","West","236160","167674","27360","249","324","1071","QAR","68486","-7085","243245"
"R202401-1-05","2024-01-01","2024","2024-01","2024-Q1","Digital World","U105","Electronics","Retail Group B","Riyadh","Central","Palm Mall","First","North","202704","143920","22800","213","330","724","QAR","58784","0","202704"
"R202401-1-06","2024-01-01","2024","2024-01","2024-Q1","Smart Corner","U106","Electronics","Retail Group C","Riyadh","Central","Palm Mall","Second","South","165607","117581","19380","174","313","644","QAR","48026","-6691","172298"
"R202401-1-07","2024-01-01","2024","2024-01","2024-Q1","Fresh Table","U107","Food and Beverage","Retail Group A","Riyadh","Central","Palm Mall","Ground","East","100368","39144","11400","1544","2007","6176","QAR","61224","-984","101352"
"R202401-1-08","2024-01-01","2024","2024-01","2024-Q1","Bean Street","U108","Food and Beverage","Retail Group B","Riyadh","Central","Palm Mall","First","West","72324","28206","8550","1113","1725","4786","QAR","44118","-3690","76014"
"R202401-1-09","2024-01-01","2024","2024-01","2024-Q1","Sweet Spot","U109","Food and Beverage","Retail Group C","Riyadh","Central","Palm Mall","Second","North","59630","23256","6840","917","1651","3118","QAR","36374","-1181","60811"
"R202401-1-10","2024-01-01","2024","2024-01","2024-Q1","Home Living","U110","Home and Lifestyle","Retail Group A","Riyadh","Central","Palm Mall","Ground","South","138400","83040","16530","330","429","1221","QAR","55360","-8560","146960"
"R202401-1-11","2024-01-01","2024","2024-01","2024-Q1","Comfort Store","U111","Home and Lifestyle","Retail Group B","Riyadh","Central","Palm Mall","First","East","123000","73800","14250","293","454","1172","QAR","49200","-3690","126690"
"R202401-1-12","2024-01-01","2024","2024-01","2024-Q1","Decor Lane","U112","Home and Lifestyle","Retail Group C","Riyadh","Central","Palm Mall","Second","West","96284","57770","10830","229","412","985","QAR","38514","0","96284"
"R202401-2-01","2024-01-01","2024","2024-01","2024-Q1","Nova Fashion","U201","Fashion","Retail Group A","Jeddah","West","Coast Mall","Ground","North","110811","63162","12968","396","515","1346","QAR","47649","-4477","115288"
"R202401-2-02","2024-01-01","2024","2024-01","2024-Q1","Urban Style","U202","Fashion","Retail Group B","Jeddah","West","Coast Mall","First","South","96604","55064","10973","345","535","1277","QAR","41540","-947","97551"
"R202401-2-03","2024-01-01","2024","2024-01","2024-Q1","Linen House","U203","Fashion","Retail Group C","Jeddah","West","Coast Mall","Second","East","75940","43286","8978","271","488","1084","QAR","32654","-3875","79815"
"R202401-2-04","2024-01-01","2024","2024-01","2024-Q1","Tech Hub","U204","Electronics","Retail Group A","Jeddah","West","Coast Mall","Ground","West","208706","148181","23940","220","286","946","QAR","60525","-4133","212839"
"R202401-2-05","2024-01-01","2024","2024-01","2024-Q1","Digital World","U205","Electronics","Retail Group B","Jeddah","West","Coast Mall","First","North","167034","118594","19950","176","273","598","QAR","48440","-10332","177366"
"R202401-2-06","2024-01-01","2024","2024-01","2024-Q1","Smart Corner","U206","Electronics","Retail Group C","Jeddah","West","Coast Mall","Second","South","146370","103923","16958","154","277","570","QAR","42447","-4391","150761"
"R202401-2-07","2024-01-01","2024","2024-01","2024-Q1","Fresh Table","U207","Food and Beverage","Retail Group A","Jeddah","West","Coast Mall","Ground","East","88683","34586","9975","1364","1773","5456","QAR","54097","0","88683"
"R202401-2-08","2024-01-01","2024","2024-01","2024-Q1","Bean Street","U208","Food and Beverage","Retail Group B","Jeddah","West","Coast Mall","First","West","63929","24932","7481","984","1525","4231","QAR","38997","-2583","66512"
"R202401-2-09","2024-01-01","2024","2024-01","2024-Q1","Sweet Spot","U209","Food and Beverage","Retail Group C","Jeddah","West","Coast Mall","Second","North","52693","20550","5985","811","1460","2757","QAR","32143","-517","53210"
"R202401-2-10","2024-01-01","2024","2024-01","2024-Q1","Home Living","U210","Home and Lifestyle","Retail Group A","Jeddah","West","Coast Mall","Ground","South","122348","73409","14464","291","378","1077","QAR","48939","-6242","128590"
"R202401-2-11","2024-01-01","2024","2024-01","2024-Q1","Comfort Store","U211","Home and Lifestyle","Retail Group B","Jeddah","West","Coast Mall","First","East","108701","65221","12469","259","401","1036","QAR","43480","-2153","110854"
"R202401-2-12","2024-01-01","2024","2024-01","2024-Q1","Decor Lane","U212","Home and Lifestyle","Retail Group C","Jeddah","West","Coast Mall","Second","West","79341","47605","9476","189","340","813","QAR","31736","-4908","84249"
"R202401-3-01","2024-01-01","2024","2024-01","2024-Q1","Nova Fashion","U301","Fashion","Retail Group A","Dammam","East","Oasis Mall","Ground","North","95940","54686","11115","343","446","1166","QAR","41254","-2878","98818"
"R202401-3-02","2024-01-01","2024","2024-01","2024-Q1","Urban Style","U302","Fashion","Retail Group B","Dammam","East","Oasis Mall","First","South","83615","47661","9405","299","463","1106","QAR","35954","0","83615"
"R202401-3-03","2024-01-01","2024","2024-01","2024-Q1","Linen House","U303","Fashion","Retail Group C","Dammam","East","Oasis Mall","Second","East","65756","37481","7695","235","423","940","QAR","28275","-2657","68413"
"R202401-3-04","2024-01-01","2024","2024-01","2024-Q1","Tech Hub","U304","Electronics","Retail Group A","Dammam","East","Oasis Mall","Ground","West","180662","128270","20520","190","247","817","QAR","52392","-1772","182434"
"R202401-3-05","2024-01-01","2024","2024-01","2024-Q1","Digital World","U305","Electronics","Retail Group B","Dammam","East","Oasis Mall","First","North","144648","102700","17100","152","236","517","QAR","41948","-7380","152028"
"R202401-3-06","2024-01-01","2024","2024-01","2024-Q1","Smart Corner","U306","Electronics","Retail Group C","Dammam","East","Oasis Mall","Second","South","126715","89968","14535","133","239","492","QAR","36747","-2509","129224"
"R202401-3-07","2024-01-01","2024","2024-01","2024-Q1","Fresh Table","U307","Food and Beverage","Retail Group A","Dammam","East","Oasis Mall","Ground","East","71586","27919","8550","1101","1431","4404","QAR","43667","-4428","76014"
"R202401-3-08","2024-01-01","2024","2024-01","2024-Q1","Bean Street","U308","Food and Beverage","Retail Group B","Dammam","East","Oasis Mall","First","West","55350","21587","6413","852","1321","3664","QAR","33763","-1661","57011"
"R202401-3-09","2024-01-01","2024","2024-01","2024-Q1","Sweet Spot","U309","Food and Beverage","Retail Group C","Dammam","East","Oasis Mall","Second","North","45608","17787","5130","702","1264","2387","QAR","27821","0","45608"
"R202401-3-10","2024-01-01","2024","2024-01","2024-Q1","Home Living","U310","Home and Lifestyle","Retail Group A","Dammam","East","Oasis Mall","Ground","South","105940","63564","12398","252","328","932","QAR","42376","-4280","110220"
"R202401-3-11","2024-01-01","2024","2024-01","2024-Q1","Comfort Store","U311","Home and Lifestyle","Retail Group B","Dammam","East","Oasis Mall","First","East","94095","56457","10688","224","347","896","QAR","37638","-923","95018"
"R202401-3-12","2024-01-01","2024","2024-01","2024-Q1","Decor Lane","U312","Home and Lifestyle","Retail Group C","Dammam","East","Oasis Mall","Second","West","68708","41225","8123","164","295","705","QAR","27483","-3505","72213"
"R202402-1-01","2024-02-01","2024","2024-02","2024-Q1","Nova Fashion","U101","Fashion","Retail Group A","Riyadh","Central","Palm Mall","Ground","North","132818","75706","14820","474","616","1612","QAR","57112","-5367","138185"
"R202402-1-02","2024-02-01","2024","2024-02","2024-Q1","Urban Style","U102","Fashion","Retail Group B","Riyadh","Central","Palm Mall","First","South","115790","66000","12540","414","642","1532","QAR","49790","-1136","116926"
"R202402-1-03","2024-02-01","2024","2024-02","2024-Q1","Linen House","U103","Fashion","Retail Group C","Riyadh","Central","Palm Mall","Second","East","91022","51883","10260","325","585","1300","QAR","39139","-4644","95666"
"R202402-1-04","2024-02-01","2024","2024-02","2024-Q1","Tech Hub","U104","Electronics","Retail Group A","Riyadh","Central","Palm Mall","Ground","West","250157","177611","27360","263","342","1131","QAR","72546","-4953","255110"
"R202402-1-05","2024-02-01","2024","2024-02","2024-Q1","Digital World","U105","Electronics","Retail Group B","Riyadh","Central","Palm Mall","First","North","200208","142148","22800","211","327","717","QAR","58060","-12384","212592"
"R202402-1-06","2024-02-01","2024","2024-02","2024-Q1","Smart Corner","U106","Electronics","Retail Group C","Riyadh","Central","Palm Mall","Second","South","175440","124562","19380","185","333","685","QAR","50878","-5263","180703"
"R202402-1-07","2024-02-01","2024","2024-02","2024-Q1","Fresh Table","U107","Food and Beverage","Retail Group A","Riyadh","Central","Palm Mall","Ground","East","106296","41455","11400","1635","2126","6540","QAR","64841","0","106296"
"R202402-1-08","2024-02-01","2024","2024-02","2024-Q1","Bean Street","U108","Food and Beverage","Retail Group B","Riyadh","Central","Palm Mall","First","West","76626","29884","8550","1179","1827","5070","QAR","46742","-3096","79722"
"R202402-1-09","2024-02-01","2024","2024-02","2024-Q1","Sweet Spot","U109","Food and Beverage","Retail Group C","Riyadh","Central","Palm Mall","Second","North","63158","24632","6840","972","1750","3305","QAR","38526","-620","63778"
"R202402-1-10","2024-02-01","2024","2024-02","2024-Q1","Home Living","U110","Home and Lifestyle","Retail Group A","Riyadh","Central","Palm Mall","Ground","South","146647","87988","16530","349","454","1291","QAR","58659","-7482","154129"
"R202402-1-11","2024-02-01","2024","2024-02","2024-Q1","Comfort Store","U111","Home and Lifestyle","Retail Group B","Riyadh","Central","Palm Mall","First","East","130290","78174","14250","310","481","1240","QAR","52116","-2580","132870"
"R202402-1-12","2024-02-01","2024","2024-02","2024-Q1","Decor Lane","U112","Home and Lifestyle","Retail Group C","Riyadh","Central","Palm Mall","Second","West","95099","57059","10830","226","407","972","QAR","38040","-5882","100981"
"R202402-2-01","2024-02-01","2024","2024-02","2024-Q1","Nova Fashion","U201","Fashion","Retail Group A","Jeddah","West","Coast Mall","Ground","North","117390","66912","12968","419","545","1425","QAR","50478","-3522","120912"
"R202402-2-02","2024-02-01","2024","2024-02","2024-Q1","Urban Style","U202","Fashion","Retail Group B","Jeddah","West","Coast Mall","First","South","102310","58317","10973","365","566","1351","QAR","43993","0","102310"
"R202402-2-03","2024-02-01","2024","2024-02","2024-Q1","Linen House","U203","Fashion","Retail Group C","Jeddah","West","Coast Mall","Second","East","80457","45860","8978","287","517","1148","QAR","34597","-3251","83708"
"R202402-2-04","2024-02-01","2024","2024-02","2024-Q1","Tech Hub","U204","Electronics","Retail Group A","Jeddah","West","Coast Mall","Ground","West","221054","156948","23940","233","303","1002","QAR","64106","-2168","223222"
"R202402-2-05","2024-02-01","2024","2024-02","2024-Q1","Digital World","U205","Electronics","Retail Group B","Jeddah","West","Coast Mall","First","North","176988","125661","19950","186","288","632","QAR","51327","-9030","186018"
"R202402-2-06","2024-02-01","2024","2024-02","2024-Q1","Smart Corner","U206","Electronics","Retail Group C","Jeddah","West","Coast Mall","Second","South","155045","110082","16958","163","293","603","QAR","44963","-3070","158115"
"R202402-2-07","2024-02-01","2024","2024-02","2024-Q1","Fresh Table","U207","Food and Beverage","Retail Group A","Jeddah","West","Coast Mall","Ground","East","87591","34160","9975","1348","1752","5392","QAR","53431","-5418","93009"
"R202402-2-08","2024-02-01","2024","2024-02","2024-Q1","Bean Street","U208","Food and Beverage","Retail Group B","Jeddah","West","Coast Mall","First","West","67725","26413","7481","1042","1615","4481","QAR","41312","-2032","69757"
"R202402-2-09","2024-02-01","2024","2024-02","2024-Q1","Sweet Spot","U209","Food and Beverage","Retail Group C","Jeddah","West","Coast Mall","Second","North","55805","21764","5985","859","1546","2921","QAR","34041","0","55805"
"R202402-2-10","2024-02-01","2024","2024-02","2024-Q1","Home Living","U210","Home and Lifestyle","Retail Group A","Jeddah","West","Coast Mall","Ground","South","129626","77776","14464","309","402","1143","QAR","51850","-5237","134863"
"R202402-2-11","2024-02-01","2024","2024-02","2024-Q1","Comfort Store","U211","Home and Lifestyle","Retail Group B","Jeddah","West","Coast Mall","First","East","115133","69080","12469","274","425","1096","QAR","46053","-1128","116261"
"R202402-2-12","2024-02-01","2024","2024-02","2024-Q1","Decor Lane","U212","Home and Lifestyle","Retail Group C","Jeddah","West","Coast Mall","Second","West","84069","50441","9476","200","360","860","QAR","33628","-4290","88359"
"R202402-3-01","2024-02-01","2024","2024-02","2024-Q1","Nova Fashion","U301","Fashion","Retail Group A","Dammam","East","Oasis Mall","Ground","North","101626","57927","11115","363","472","1234","QAR","43699","-2013","103639"
"R202402-3-02","2024-02-01","2024","2024-02","2024-Q1","Urban Style","U302","Fashion","Retail Group B","Dammam","East","Oasis Mall","First","South","82586","47074","9405","295","457","1092","QAR","35512","-5108","87694"
"R202402-3-03","2024-02-01","2024","2024-02","2024-Q1","Linen House","U303","Fashion","Retail Group C","Dammam","East","Oasis Mall","Second","East","69660","39706","7695","249","448","996","QAR","29954","-2090","71750"
"R202402-3-04","2024-02-01","2024","2024-02","2024-Q1","Tech Hub","U304","Electronics","Retail Group A","Dammam","East","Oasis Mall","Ground","West","191333","135846","20520","201","261","864","QAR","55487","0","191333"
"R202402-3-05","2024-02-01","2024","2024-02","2024-Q1","Digital World","U305","Electronics","Retail Group B","Dammam","East","Oasis Mall","First","North","153252","108809","17100","161","250","547","QAR","44443","-6192","159444"
"R202402-3-06","2024-02-01","2024","2024-02","2024-Q1","Smart Corner","U306","Electronics","Retail Group C","Dammam","East","Oasis Mall","Second","South","134212","95291","14535","141","254","522","QAR","38921","-1315","135527"
"R202402-3-07","2024-02-01","2024","2024-02","2024-Q1","Fresh Table","U307","Food and Beverage","Retail Group A","Dammam","East","Oasis Mall","Ground","East","75852","29582","8550","1167","1517","4668","QAR","46270","-3870","79722"
"R202402-3-08","2024-02-01","2024","2024-02","2024-Q1","Bean Street","U308","Food and Beverage","Retail Group B","Dammam","East","Oasis Mall","First","West","58631","22866","6413","902","1398","3879","QAR","35765","-1161","59792"
"R202402-3-09","2024-02-01","2024","2024-02","2024-Q1","Sweet Spot","U309","Food and Beverage","Retail Group C","Dammam","East","Oasis Mall","Second","North","45047","17568","5130","693","1247","2356","QAR","27479","-2786","47833"
"R202402-3-10","2024-02-01","2024","2024-02","2024-Q1","Home Living","U310","Home and Lifestyle","Retail Group A","Dammam","East","Oasis Mall","Ground","South","112230","67338","12398","267","347","988","QAR","44892","-3367","115597"
"R202402-3-11","2024-02-01","2024","2024-02","2024-Q1","Comfort Store","U311","Home and Lifestyle","Retail Group B","Dammam","East","Oasis Mall","First","East","99653","59792","10688","237","367","948","QAR","39861","0","99653"
"R202402-3-12","2024-02-01","2024","2024-02","2024-Q1","Decor Lane","U312","Home and Lifestyle","Retail Group C","Dammam","East","Oasis Mall","Second","West","72795","43677","8123","173","311","744","QAR","29118","-2941","75736"
"R202403-1-01","2024-03-01","2024","2024-03","2024-Q1","Nova Fashion","U101","Fashion","Retail Group A","Riyadh","Central","Palm Mall","Ground","North","168480","96034","14820","602","783","2047","QAR","72446","-5054","173534"
"R202403-1-02","2024-03-01","2024","2024-03","2024-Q1","Urban Style","U102","Fashion","Retail Group B","Riyadh","Central","Palm Mall","First","South","146837","83697","12540","524","812","1939","QAR","63140","0","146837"
"R202403-1-03","2024-03-01","2024","2024-03","2024-Q1","Linen House","U103","Fashion","Retail Group C","Riyadh","Central","Palm Mall","Second","East","115474","65820","10260","412","742","1648","QAR","49654","-4665","120139"
"R202403-1-04","2024-03-01","2024","2024-03","2024-Q1","Tech Hub","U104","Electronics","Retail Group A","Riyadh","Central","Palm Mall","Ground","West","317261","225255","27360","334","434","1436","QAR","92006","-3110","320371"
"R202403-1-05","2024-03-01","2024","2024-03","2024-Q1","Digital World","U105","Electronics","Retail Group B","Riyadh","Central","Palm Mall","First","North","254016","180351","22800","267","414","908","QAR","73665","-12960","266976"
"R202403-1-06","2024-03-01","2024","2024-03","2024-Q1","Smart Corner","U106","Electronics","Retail Group C","Riyadh","Central","Palm Mall","Second","South","222523","157991","19380","234","421","866","QAR","64532","-4407","226930"
"R202403-1-07","2024-03-01","2024","2024-03","2024-Q1","Fresh Table","U107","Food and Beverage","Retail Group A","Riyadh","Central","Palm Mall","Ground","East","125712","49028","11400","1934","2514","7736","QAR","76684","-7776","133488"
"R202403-1-08","2024-03-01","2024","2024-03","2024-Q1","Bean Street","U108","Food and Beverage","Retail Group B","Riyadh","Central","Palm Mall","First","West","97200","37908","8550","1495","2317","6429","QAR","59292","-2916","100116"
"R202403-1-09","2024-03-01","2024","2024-03","2024-Q1","Sweet Spot","U109","Food and Beverage","Retail Group C","Riyadh","Central","Palm Mall","Second","North","80093","31236","6840","1232","2218","4189","QAR","48857","0","80093"
"R202403-1-10","2024-03-01","2024","2024-03","2024-Q1","Home Living","U110","Home and Lifestyle","Retail Group A","Riyadh","Central","Palm Mall","Ground","South","186041","111625","16530","443","576","1639","QAR","74416","-7517","193558"
"R202403-1-11","2024-03-01","2024","2024-03","2024-Q1","Comfort Store","U111","Home and Lifestyle","Retail Group B","Riyadh","Central","Palm Mall","First","East","165240","99144","14250","393","609","1572","QAR","66096","-1620","166860"
"R202403-1-12","2024-03-01","2024","2024-03","2024-Q1","Decor Lane","U112","Home and Lifestyle","Retail Group C","Riyadh","Central","Palm Mall","Second","West","120658","72395","10830","287","517","1234","QAR","48263","-6156","126814"
"R202403-2-01","2024-03-01","2024","2024-03","2024-Q1","Nova Fashion","U201","Fashion","Retail Group A","Jeddah","West","Coast Mall","Ground","North","148894","84870","12968","532","692","1809","QAR","64024","-2949","151843"
"R202403-2-02","2024-03-01","2024","2024-03","2024-Q1","Urban Style","U202","Fashion","Retail Group B","Jeddah","West","Coast Mall","First","South","120998","68969","10973","432","670","1598","QAR","52029","-7484","128482"
"R202403-2-03","2024-03-01","2024","2024-03","2024-Q1","Linen House","U203","Fashion","Retail Group C","Jeddah","West","Coast Mall","Second","East","102060","58174","8978","365","657","1460","QAR","43886","-3062","105122"
"R202403-2-04","2024-03-01","2024","2024-03","2024-Q1","Tech Hub","U204","Electronics","Retail Group A","Jeddah","West","Coast Mall","Ground","West","280325","199031","23940","295","384","1269","QAR","81294","0","280325"
"R202403-2-05","2024-03-01","2024","2024-03","2024-Q1","Digital World","U205","Electronics","Retail Group B","Jeddah","West","Coast Mall","First","North","224532","159418","19950","236","366","802","QAR","65114","-9072","233604"
"R202403-2-06","2024-03-01","2024","2024-03","2024-Q1","Smart Corner","U206","Electronics","Retail Group C","Jeddah","West","Coast Mall","Second","South","196636","139612","16958","207","373","766","QAR","57024","-1927","198563"
"R202403-2-07","2024-03-01","2024","2024-03","2024-Q1","Fresh Table","U207","Food and Beverage","Retail Group A","Jeddah","West","Coast Mall","Ground","East","111132","43341","9975","1710","2223","6840","QAR","67791","-5670","116802"
"R202403-2-08","2024-03-01","2024","2024-03","2024-Q1","Bean Street","U208","Food and Beverage","Retail Group B","Jeddah","West","Coast Mall","First","West","85901","33501","7481","1322","2049","5685","QAR","52400","-1701","87602"
"R202403-2-09","2024-03-01","2024","2024-03","2024-Q1","Sweet Spot","U209","Food and Beverage","Retail Group C","Jeddah","West","Coast Mall","Second","North","65999","25740","5985","1015","1827","3451","QAR","40259","-4082","70081"
"R202403-2-10","2024-03-01","2024","2024-03","2024-Q1","Home Living","U210","Home and Lifestyle","Retail Group A","Jeddah","West","Coast Mall","Ground","South","164430","98658","14464","392","510","1450","QAR","65772","-4933","169363"
"R202403-2-11","2024-03-01","2024","2024-03","2024-Q1","Comfort Store","U211","Home and Lifestyle","Retail Group B","Jeddah","West","Coast Mall","First","East","146003","87602","12469","348","539","1392","QAR","58401","0","146003"
"R202403-2-12","2024-03-01","2024","2024-03","2024-Q1","Decor Lane","U212","Home and Lifestyle","Retail Group C","Jeddah","West","Coast Mall","Second","West","106653","63992","9476","254","457","1092","QAR","42661","-4309","110962"
"R202403-3-01","2024-03-01","2024","2024-03","2024-Q1","Nova Fashion","U301","Fashion","Retail Group A","Dammam","East","Oasis Mall","Ground","North","128887","73466","11115","460","598","1564","QAR","55421","-1264","130151"
"R202403-3-02","2024-03-01","2024","2024-03","2024-Q1","Urban Style","U302","Fashion","Retail Group B","Dammam","East","Oasis Mall","First","South","104782","59726","9405","374","580","1384","QAR","45056","-5346","110128"
"R202403-3-03","2024-03-01","2024","2024-03","2024-Q1","Linen House","U303","Fashion","Retail Group C","Dammam","East","Oasis Mall","Second","East","88355","50362","7695","316","569","1264","QAR","37993","-1749","90104"
"R202403-3-04","2024-03-01","2024","2024-03","2024-Q1","Tech Hub","U304","Electronics","Retail Group A","Dammam","East","Oasis Mall","Ground","West","226282","160660","20520","238","309","1023","QAR","65622","-13996","240278"
"R202403-3-05","2024-03-01","2024","2024-03","2024-Q1","Digital World","U305","Electronics","Retail Group B","Dammam","East","Oasis Mall","First","North","194400","138024","17100","205","318","697","QAR","56376","-5832","200232"
"R202403-3-06","2024-03-01","2024","2024-03","2024-Q1","Smart Corner","U306","Electronics","Retail Group C","Dammam","East","Oasis Mall","Second","South","170197","120840","14535","179","322","662","QAR","49357","0","170197"
"R202403-3-07","2024-03-01","2024","2024-03","2024-Q1","Fresh Table","U307","Food and Beverage","Retail Group A","Dammam","East","Oasis Mall","Ground","East","96228","37529","8550","1480","1924","5920","QAR","58699","-3888","100116"
"R202403-3-08","2024-03-01","2024","2024-03","2024-Q1","Bean Street","U308","Food and Beverage","Retail Group B","Dammam","East","Oasis Mall","First","West","74358","29000","6413","1144","1773","4919","QAR","45358","-729","75087"
"R202403-3-09","2024-03-01","2024","2024-03","2024-Q1","Sweet Spot","U309","Food and Beverage","Retail Group C","Dammam","East","Oasis Mall","Second","North","57154","22290","5130","879","1582","2989","QAR","34864","-2916","60070"
"R202403-3-10","2024-03-01","2024","2024-03","2024-Q1","Home Living","U310","Home and Lifestyle","Retail Group A","Dammam","East","Oasis Mall","Ground","South","142349","85409","12398","339","441","1254","QAR","56940","-2819","145168"
"R202403-3-11","2024-03-01","2024","2024-03","2024-Q1","Comfort Store","U311","Home and Lifestyle","Retail Group B","Dammam","East","Oasis Mall","First","East","117855","70713","10688","281","436","1124","QAR","47142","-7290","125145"
"R202403-3-12","2024-03-01","2024","2024-03","2024-Q1","Decor Lane","U312","Home and Lifestyle","Retail Group C","Dammam","East","Oasis Mall","Second","West","92340","55404","8123","220","396","946","QAR","36936","-2770","95110"
"R202404-1-01","2024-04-01","2024","2024-04","2024-Q2","Nova Fashion","U101","Fashion","Retail Group A","Riyadh","Central","Palm Mall","Ground","North","160711","91605","14820","574","746","1952","QAR","69106","-3183","163894"
"R202404-1-02","2024-04-01","2024","2024-04","2024-Q2","Urban Style","U102","Fashion","Retail Group B","Riyadh","Central","Palm Mall","First","South","130601","74443","12540","466","722","1724","QAR","56158","-8078","138679"
"R202404-1-03","2024-04-01","2024","2024-04","2024-Q2","Linen House","U103","Fashion","Retail Group C","Riyadh","Central","Palm Mall","Second","East","110160","62791","10260","393","707","1572","QAR","47369","-3305","113465"
"R202404-1-04","2024-04-01","2024","2024-04","2024-Q2","Tech Hub","U104","Electronics","Retail Group A","Riyadh","Central","Palm Mall","Ground","West","302573","214827","27360","318","413","1367","QAR","87746","0","302573"
"R202404-1-05","2024-04-01","2024","2024-04","2024-Q2","Digital World","U105","Electronics","Retail Group B","Riyadh","Central","Palm Mall","First","North","242352","172070","22800","255","395","867","QAR","70282","-9792","252144"
"R202404-1-06","2024-04-01","2024","2024-04","2024-Q2","Smart Corner","U106","Electronics","Retail Group C","Riyadh","Central","Palm Mall","Second","South","212242","150692","19380","223","401","825","QAR","61550","-2080","214322"
"R202404-1-07","2024-04-01","2024","2024-04","2024-Q2","Fresh Table","U107","Food and Beverage","Retail Group A","Riyadh","Central","Palm Mall","Ground","East","119952","46781","11400","1845","2399","7380","QAR","73171","-6120","126072"
"R202404-1-08","2024-04-01","2024","2024-04","2024-Q2","Bean Street","U108","Food and Beverage","Retail Group B","Riyadh","Central","Palm Mall","First","West","92718","36160","8550","1426","2210","6132","QAR","56558","-1836","94554"
"R202404-1-09","2024-04-01","2024","2024-04","2024-Q2","Sweet Spot","U109","Food and Beverage","Retail Group C","Riyadh","Central","Palm Mall","Second","North","71237","27782","6840","1096","1973","3726","QAR","43455","-4406","75643"
"R202404-1-10","2024-04-01","2024","2024-04","2024-Q2","Home Living","U110","Home and Lifestyle","Retail Group A","Riyadh","Central","Palm Mall","Ground","South","177480","106488","16530","423","550","1565","QAR","70992","-5324","182804"
"R202404-1-11","2024-04-01","2024","2024-04","2024-Q2","Comfort Store","U111","Home and Lifestyle","Retail Group B","Riyadh","Central","Palm Mall","First","East","157590","94554","14250","375","581","1500","QAR","63036","0","157590"
"R202404-1-12","2024-04-01","2024","2024-04","2024-Q2","Decor Lane","U112","Home and Lifestyle","Retail Group C","Riyadh","Central","Palm Mall","Second","West","115117","69070","10830","274","493","1178","QAR","46047","-4651","119768"
"R202404-2-01","2024-04-01","2024","2024-04","2024-Q2","Nova Fashion","U201","Fashion","Retail Group A","Jeddah","West","Coast Mall","Ground","North","142015","80949","12968","507","659","1724","QAR","61066","-1392","143407"
"R202404-2-02","2024-04-01","2024","2024-04","2024-Q2","Urban Style","U202","Fashion","Retail Group B","Jeddah","West","Coast Mall","First","South","115454","65809","10973","412","639","1524","QAR","49645","-5890","121344"
"R202404-2-03","2024-04-01","2024","2024-04","2024-Q2","Linen House","U203","Fashion","Retail Group C","Jeddah","West","Coast Mall","Second","East","97354","55492","8978","348","626","1392","QAR","41862","-1928","99282"
"R202404-2-04","2024-04-01","2024","2024-04","2024-Q2","Tech Hub","U204","Electronics","Retail Group A","Jeddah","West","Coast Mall","Ground","West","249329","177024","23940","262","341","1127","QAR","72305","-15422","264751"
"R202404-2-05","2024-04-01","2024","2024-04","2024-Q2","Digital World","U205","Electronics","Retail Group B","Jeddah","West","Coast Mall","First","North","214200","152082","19950","225","349","765","QAR","62118","-6426","220626"
"R202404-2-06","2024-04-01","2024","2024-04","2024-Q2","Smart Corner","U206","Electronics","Retail Group C","Jeddah","West","Coast Mall","Second","South","187532","133148","16958","197","355","729","QAR","54384","0","187532"
"R202404-2-07","2024-04-01","2024","2024-04","2024-Q2","Fresh Table","U207","Food and Beverage","Retail Group A","Jeddah","West","Coast Mall","Ground","East","106029","41351","9975","1631","2120","6524","QAR","64678","-4284","110313"
"R202404-2-08","2024-04-01","2024","2024-04","2024-Q2","Bean Street","U208","Food and Beverage","Retail Group B","Jeddah","West","Coast Mall","First","West","81932","31953","7481","1260","1953","5418","QAR","49979","-803","82735"
"R202404-2-09","2024-04-01","2024","2024-04","2024-Q2","Sweet Spot","U209","Food and Beverage","Retail Group C","Jeddah","West","Coast Mall","Second","North","62975","24560","5985","969","1744","3295","QAR","38415","-3213","66188"
"R202404-2-10","2024-04-01","2024","2024-04","2024-Q2","Home Living","U210","Home and Lifestyle","Retail Group A","Jeddah","West","Coast Mall","Ground","South","156848","94109","14464","373","485","1380","QAR","62739","-3106","159954"
"R202404-2-11","2024-04-01","2024","2024-04","2024-Q2","Comfort Store","U211","Home and Lifestyle","Retail Group B","Jeddah","West","Coast Mall","First","East","129859","77915","12469","309","479","1236","QAR","51944","-8032","137891"
"R202404-2-12","2024-04-01","2024","2024-04","2024-Q2","Decor Lane","U212","Home and Lifestyle","Retail Group C","Jeddah","West","Coast Mall","Second","West","101745","61047","9476","242","436","1041","QAR","40698","-3052","104797"
"R202404-3-01","2024-04-01","2024","2024-04","2024-Q2","Nova Fashion","U301","Fashion","Retail Group A","Dammam","East","Oasis Mall","Ground","North","122920","70064","11115","439","571","1493","QAR","52856","0","122920"
"R202404-3-02","2024-04-01","2024","2024-04","2024-Q2","Urban Style","U302","Fashion","Retail Group B","Dammam","East","Oasis Mall","First","South","99970","56983","9405","357","553","1321","QAR","42987","-4039","104009"
"R202404-3-03","2024-04-01","2024","2024-04","2024-Q2","Linen House","U303","Fashion","Retail Group C","Dammam","East","Oasis Mall","Second","East","84272","48035","7695","301","542","1204","QAR","36237","-827","85099"
"R202404-3-04","2024-04-01","2024","2024-04","2024-Q2","Tech Hub","U304","Electronics","Retail Group A","Dammam","East","Oasis Mall","Ground","West","215914","153299","20520","227","295","976","QAR","62615","-11016","226930"
"R202404-3-05","2024-04-01","2024","2024-04","2024-Q2","Digital World","U305","Electronics","Retail Group B","Dammam","East","Oasis Mall","First","North","185436","131660","17100","195","302","663","QAR","53776","-3672","189108"
"R202404-3-06","2024-04-01","2024","2024-04","2024-Q2","Smart Corner","U306","Electronics","Retail Group C","Dammam","East","Oasis Mall","Second","South","151378","107478","14535","159","286","588","QAR","43900","-9364","160742"
"R202404-3-07","2024-04-01","2024","2024-04","2024-Q2","Fresh Table","U307","Food and Beverage","Retail Group A","Dammam","East","Oasis Mall","Ground","East","91800","35802","8550","1412","1836","5648","QAR","55998","-2754","94554"
"R202404-3-08","2024-04-01","2024","2024-04","2024-Q2","Bean Street","U308","Food and Beverage","Retail Group B","Dammam","East","Oasis Mall","First","West","70916","27657","6413","1091","1691","4691","QAR","43259","0","70916"
"R202404-3-09","2024-04-01","2024","2024-04","2024-Q2","Sweet Spot","U309","Food and Beverage","Retail Group C","Dammam","East","Oasis Mall","Second","North","54529","21266","5130","839","1510","2853","QAR","33263","-2203","56732"
"R202404-3-10","2024-04-01","2024","2024-04","2024-Q2","Home Living","U310","Home and Lifestyle","Retail Group A","Dammam","East","Oasis Mall","Ground","South","135772","81463","12398","323","420","1195","QAR","54309","-1331","137103"
"R202404-3-11","2024-04-01","2024","2024-04","2024-Q2","Comfort Store","U311","Home and Lifestyle","Retail Group B","Dammam","East","Oasis Mall","First","East","112455","67473","10688","268","415","1072","QAR","44982","-5738","118193"
"R202404-3-12","2024-04-01","2024","2024-04","2024-Q2","Decor Lane","U312","Home and Lifestyle","Retail Group C","Dammam","East","Oasis Mall","Second","West","88082","52849","8123","210","378","903","QAR","35233","-1744","89826"
"R202405-1-01","2024-05-01","2024","2024-05","2024-Q2","Nova Fashion","U101","Fashion","Retail Group A","Riyadh","Central","Palm Mall","Ground","North","149573","85257","14820","534","694","1816","QAR","64316","-1466","151039"
"R202405-1-02","2024-05-01","2024","2024-05","2024-Q2","Urban Style","U102","Fashion","Retail Group B","Riyadh","Central","Palm Mall","First","South","121598","69311","12540","434","673","1606","QAR","52287","-6204","127802"
"R202405-1-03","2024-05-01","2024","2024-05","2024-Q2","Linen House","U103","Fashion","Retail Group C","Riyadh","Central","Palm Mall","Second","East","102535","58445","10260","366","659","1464","QAR","44090","-2031","104566"
"R202405-1-04","2024-05-01","2024","2024-05","2024-Q2","Tech Hub","U104","Electronics","Retail Group A","Riyadh","Central","Palm Mall","Ground","West","262598","186445","27360","276","359","1187","QAR","76153","-16244","278842"
"R202405-1-05","2024-05-01","2024","2024-05","2024-Q2","Digital World","U105","Electronics","Retail Group B","Riyadh","Central","Palm Mall","First","North","225600","160176","22800","237","367","806","QAR","65424","-6768","232368"
"R202405-1-06","2024-05-01","2024","2024-05","2024-Q2","Smart Corner","U106","Electronics","Retail Group C","Riyadh","Central","Palm Mall","Second","South","197513","140234","19380","208","374","770","QAR","57279","0","197513"
"R202405-1-07","2024-05-01","2024","2024-05","2024-Q2","Fresh Table","U107","Food and Beverage","Retail Group A","Riyadh","Central","Palm Mall","Ground","East","111672","43552","11400","1718","2233","6872","QAR","68120","-4512","116184"
"R202405-1-08","2024-05-01","2024","2024-05","2024-Q2","Bean Street","U108","Food and Beverage","Retail Group B","Riyadh","Central","Palm Mall","First","West","86292","33654","8550","1328","2058","5710","QAR","52638","-846","87138"
"R202405-1-09","2024-05-01","2024","2024-05","2024-Q2","Sweet Spot","U109","Food and Beverage","Retail Group C","Riyadh","Central","Palm Mall","Second","North","66326","25867","6840","1020","1836","3468","QAR","40459","-3384","69710"
"R202405-1-10","2024-05-01","2024","2024-05","2024-Q2","Home Living","U110","Home and Lifestyle","Retail Group A","Riyadh","Central","Palm Mall","Ground","South","165196","99118","16530","393","511","1454","QAR","66078","-3271","168467"
"R202405-1-11","2024-05-01","2024","2024-05","2024-Q2","Comfort Store","U111","Home and Lifestyle","Retail Group B","Riyadh","Central","Palm Mall","First","East","136770","82062","14250","326","505","1304","QAR","54708","-8460","145230"
"R202405-1-12","2024-05-01","2024","2024-05","2024-Q2","Decor Lane","U112","Home and Lifestyle","Retail Group C","Riyadh","Central","Palm Mall","Second","West","107160","64296","10830","255","459","1097","QAR","42864","-3215","110375"
"R202405-2-01","2024-05-01","2024","2024-05","2024-Q2","Nova Fashion","U201","Fashion","Retail Group A","Jeddah","West","Coast Mall","Ground","North","132159","75331","12968","472","614","1605","QAR","56828","0","132159"
"R202405-2-02","2024-05-01","2024","2024-05","2024-Q2","Urban Style","U202","Fashion","Retail Group B","Jeddah","West","Coast Mall","First","South","107484","61266","10973","384","595","1421","QAR","46218","-4343","111827"
"R202405-2-03","2024-05-01","2024","2024-05","2024-Q2","Linen House","U203","Fashion","Retail Group C","Jeddah","West","Coast Mall","Second","East","90607","51646","8978","324","583","1296","QAR","38961","-888","91495"
"R202405-2-04","2024-05-01","2024","2024-05","2024-Q2","Tech Hub","U204","Electronics","Retail Group A","Jeddah","West","Coast Mall","Ground","West","232142","164821","23940","244","317","1049","QAR","67321","-11844","243986"
"R202405-2-05","2024-05-01","2024","2024-05","2024-Q2","Digital World","U205","Electronics","Retail Group B","Jeddah","West","Coast Mall","First","North","199374","141556","19950","210","326","714","QAR","57818","-3948","203322"
"R202405-2-06","2024-05-01","2024","2024-05","2024-Q2","Smart Corner","U206","Electronics","Retail Group C","Jeddah","West","Coast Mall","Second","South","162756","115557","16958","171","308","633","QAR","47199","-10068","172824"
"R202405-2-07","2024-05-01","2024","2024-05","2024-Q2","Fresh Table","U207","Food and Beverage","Retail Group A","Jeddah","West","Coast Mall","Ground","East","98700","38493","9975","1518","1973","6072","QAR","60207","-2961","101661"
"R202405-2-08","2024-05-01","2024","2024-05","2024-Q2","Bean Street","U208","Food and Beverage","Retail Group B","Jeddah","West","Coast Mall","First","West","76246","29736","7481","1173","1818","5044","QAR","46510","0","76246"
"R202405-2-09","2024-05-01","2024","2024-05","2024-Q2","Sweet Spot","U209","Food and Beverage","Retail Group C","Jeddah","West","Coast Mall","Second","North","58628","22865","5985","902","1624","3067","QAR","35763","-2369","60997"
"R202405-2-10","2024-05-01","2024","2024-05","2024-Q2","Home Living","U210","Home and Lifestyle","Retail Group A","Jeddah","West","Coast Mall","Ground","South","145977","87586","14464","348","452","1288","QAR","58391","-1431","147408"
"R202405-2-11","2024-05-01","2024","2024-05","2024-Q2","Comfort Store","U211","Home and Lifestyle","Retail Group B","Jeddah","West","Coast Mall","First","East","120908","72545","12469","288","446","1152","QAR","48363","-6168","127076"
"R202405-2-12","2024-05-01","2024","2024-05","2024-Q2","Decor Lane","U212","Home and Lifestyle","Retail Group C","Jeddah","West","Coast Mall","Second","West","94703","56822","9476","225","405","968","QAR","37881","-1875","96578"
"R202405-3-01","2024-05-01","2024","2024-05","2024-Q2","Nova Fashion","U301","Fashion","Retail Group A","Dammam","East","Oasis Mall","Ground","North","106681","60808","11115","381","495","1295","QAR","45873","-6598","113279"
"R202405-3-02","2024-05-01","2024","2024-05","2024-Q2","Urban Style","U302","Fashion","Retail Group B","Dammam","East","Oasis Mall","First","South","93060","53044","9405","332","515","1228","QAR","40016","-2792","95852"
"R202405-3-03","2024-05-01","2024","2024-05","2024-Q2","Linen House","U303","Fashion","Retail Group C","Dammam","East","Oasis Mall","Second","East","78424","44702","7695","280","504","1120","QAR","33722","0","78424"
"R202405-3-04","2024-05-01","2024","2024-05","2024-Q2","Tech Hub","U304","Electronics","Retail Group A","Dammam","East","Oasis Mall","Ground","West","201010","142717","20520","212","276","912","QAR","58293","-8121","209131"
"R202405-3-05","2024-05-01","2024","2024-05","2024-Q2","Digital World","U305","Electronics","Retail Group B","Dammam","East","Oasis Mall","First","North","172584","122535","17100","182","282","619","QAR","50049","-1692","174276"
"R202405-3-06","2024-05-01","2024","2024-05","2024-Q2","Smart Corner","U306","Electronics","Retail Group C","Dammam","East","Oasis Mall","Second","South","140944","100070","14535","148","266","548","QAR","40874","-7191","148135"
"R202405-3-07","2024-05-01","2024","2024-05","2024-Q2","Fresh Table","U307","Food and Beverage","Retail Group A","Dammam","East","Oasis Mall","Ground","East","85446","33324","8550","1315","1710","5260","QAR","52122","-1692","87138"
"R202405-3-08","2024-05-01","2024","2024-05","2024-Q2","Bean Street","U308","Food and Beverage","Retail Group B","Dammam","East","Oasis Mall","First","West","61547","24003","6413","947","1468","4072","QAR","37544","-3807","65354"
"R202405-3-09","2024-05-01","2024","2024-05","2024-Q2","Sweet Spot","U309","Food and Beverage","Retail Group C","Dammam","East","Oasis Mall","Second","North","50760","19796","5130","781","1406","2655","QAR","30964","-1523","52283"
"R202405-3-10","2024-05-01","2024","2024-05","2024-Q2","Home Living","U310","Home and Lifestyle","Retail Group A","Dammam","East","Oasis Mall","Ground","South","126350","75810","12398","301","391","1114","QAR","50540","0","126350"
"R202405-3-11","2024-05-01","2024","2024-05","2024-Q2","Comfort Store","U311","Home and Lifestyle","Retail Group B","Dammam","East","Oasis Mall","First","East","104693","62816","10688","249","386","996","QAR","41877","-4230","108923"
"R202405-3-12","2024-05-01","2024","2024-05","2024-Q2","Decor Lane","U312","Home and Lifestyle","Retail Group C","Dammam","East","Oasis Mall","Second","West","81977","49186","8123","195","351","839","QAR","32791","-804","82781"
"R202406-1-01","2024-06-01","2024","2024-06","2024-Q2","Nova Fashion","U101","Fashion","Retail Group A","Riyadh","Central","Palm Mall","Ground","North","144612","82429","14820","516","671","1754","QAR","62183","0","144612"
"R202406-1-02","2024-06-01","2024","2024-06","2024-Q2","Urban Style","U102","Fashion","Retail Group B","Riyadh","Central","Palm Mall","First","South","117612","67039","12540","420","651","1554","QAR","50573","-4752","122364"
"R202406-1-03","2024-06-01","2024","2024-06","2024-Q2","Linen House","U103","Fashion","Retail Group C","Riyadh","Central","Palm Mall","Second","East","99144","56512","10260","354","637","1416","QAR","42632","-972","100116"
"R202406-1-04","2024-06-01","2024","2024-06","2024-Q2","Tech Hub","U104","Electronics","Retail Group A","Riyadh","Central","Palm Mall","Ground","West","254016","180351","27360","267","347","1148","QAR","73665","-12960","266976"
"R202406-1-05","2024-06-01","2024","2024-06","2024-Q2","Digital World","U105","Electronics","Retail Group B","Riyadh","Central","Palm Mall","First","North","218160","154894","22800","230","357","782","QAR","63266","-4320","222480"
"R202406-1-06","2024-06-01","2024","2024-06","2024-Q2","Smart Corner","U106","Electronics","Retail Group C","Riyadh","Central","Palm Mall","Second","South","178092","126445","19380","187","337","692","QAR","51647","-11016","189108"
"R202406-1-07","2024-06-01","2024","2024-06","2024-Q2","Fresh Table","U107","Food and Beverage","Retail Group A","Riyadh","Central","Palm Mall","Ground","East","108000","42120","11400","1662","2161","6648","QAR","65880","-3240","111240"
"R202406-1-08","2024-06-01","2024","2024-06","2024-Q2","Bean Street","U108","Food and Beverage","Retail Group B","Riyadh","Central","Palm Mall","First","West","83430","32538","8550","1284","1990","5521","QAR","50892","0","83430"
"R202406-1-09","2024-06-01","2024","2024-06","2024-Q2","Sweet Spot","U109","Food and Beverage","Retail Group C","Riyadh","Central","Palm Mall","Second","North","64152","25019","6840","987","1777","3356","QAR","39133","-2592","66744"
"R202406-1-10","2024-06-01","2024","2024-06","2024-Q2","Home Living","U110","Home and Lifestyle","Retail Group A","Riyadh","Central","Palm Mall","Ground","South","159732","95839","16530","380","494","1406","QAR","63893","-1566","161298"
"R202406-1-11","2024-06-01","2024","2024-06","2024-Q2","Comfort Store","U111","Home and Lifestyle","Retail Group B","Riyadh","Central","Palm Mall","First","East","132300","79380","14250","315","488","1260","QAR","52920","-6750","139050"
"R202406-1-12","2024-06-01","2024","2024-06","2024-Q2","Decor Lane","U112","Home and Lifestyle","Retail Group C","Riyadh","Central","Palm Mall","Second","West","103626","62176","10830","247","445","1062","QAR","41450","-2052","105678"
"R202406-2-01","2024-06-01","2024","2024-06","2024-Q2","Nova Fashion","U201","Fashion","Retail Group A","Jeddah","West","Coast Mall","Ground","North","119165","67924","12968","426","554","1448","QAR","51241","-7371","126536"
"R202406-2-02","2024-06-01","2024","2024-06","2024-Q2","Urban Style","U202","Fashion","Retail Group B","Jeddah","West","Coast Mall","First","South","103950","59251","10973","371","575","1373","QAR","44699","-3119","107069"
"R202406-2-03","2024-06-01","2024","2024-06","2024-Q2","Linen House","U203","Fashion","Retail Group C","Jeddah","West","Coast Mall","Second","East","87602","49933","8978","313","563","1252","QAR","37669","0","87602"
"R202406-2-04","2024-06-01","2024","2024-06","2024-Q2","Tech Hub","U204","Electronics","Retail Group A","Jeddah","West","Coast Mall","Ground","West","224532","159418","23940","236","307","1015","QAR","65114","-9072","233604"
"R202406-2-05","2024-06-01","2024","2024-06","2024-Q2","Digital World","U205","Electronics","Retail Group B","Jeddah","West","Coast Mall","First","North","192780","136874","19950","203","315","690","QAR","55906","-1890","194670"
"R202406-2-06","2024-06-01","2024","2024-06","2024-Q2","Smart Corner","U206","Electronics","Retail Group C","Jeddah","West","Coast Mall","Second","South","157437","111780","16958","166","299","614","QAR","45657","-8033","165470"
"R202406-2-07","2024-06-01","2024","2024-06","2024-Q2","Fresh Table","U207","Food and Beverage","Retail Group A","Jeddah","West","Coast Mall","Ground","East","95445","37224","9975","1468","1908","5872","QAR","58221","-1890","97335"
"R202406-2-08","2024-06-01","2024","2024-06","2024-Q2","Bean Street","U208","Food and Beverage","Retail Group B","Jeddah","West","Coast Mall","First","West","68749","26812","7481","1058","1640","4549","QAR","41937","-4252","73001"
"R202406-2-09","2024-06-01","2024","2024-06","2024-Q2","Sweet Spot","U209","Food and Beverage","Retail Group C","Jeddah","West","Coast Mall","Second","North","56700","22113","5985","872","1570","2965","QAR","34587","-1701","58401"
"R202406-2-10","2024-06-01","2024","2024-06","2024-Q2","Home Living","U210","Home and Lifestyle","Retail Group A","Jeddah","West","Coast Mall","Ground","South","141136","84682","14464","336","437","1243","QAR","56454","0","141136"
"R202406-2-11","2024-06-01","2024","2024-06","2024-Q2","Comfort Store","U211","Home and Lifestyle","Retail Group B","Jeddah","West","Coast Mall","First","East","116944","70166","12469","278","431","1112","QAR","46778","-4725","121669"
"R202406-2-12","2024-06-01","2024","2024-06","2024-Q2","Decor Lane","U212","Home and Lifestyle","Retail Group C","Jeddah","West","Coast Mall","Second","West","91571","54943","9476","218","392","937","QAR","36628","-897","92468"
"R202406-3-01","2024-06-01","2024","2024-06","2024-Q2","Nova Fashion","U301","Fashion","Retail Group A","Dammam","East","Oasis Mall","Ground","North","103194","58821","11115","369","480","1255","QAR","44373","-5265","108459"
"R202406-3-02","2024-06-01","2024","2024-06","2024-Q2","Urban Style","U302","Fashion","Retail Group B","Dammam","East","Oasis Mall","First","South","89991","51295","9405","321","498","1188","QAR","38696","-1782","91773"
"R202406-3-03","2024-06-01","2024","2024-06","2024-Q2","Linen House","U303","Fashion","Retail Group C","Dammam","East","Oasis Mall","Second","East","70713","40306","7695","253","455","1012","QAR","30407","-4374","75087"
"R202406-3-04","2024-06-01","2024","2024-06","2024-Q2","Tech Hub","U304","Electronics","Retail Group A","Dammam","East","Oasis Mall","Ground","West","194400","138024","20520","205","267","882","QAR","56376","-5832","200232"
"R202406-3-05","2024-06-01","2024","2024-06","2024-Q2","Digital World","U305","Electronics","Retail Group B","Dammam","East","Oasis Mall","First","North","166860","118471","17100","176","273","598","QAR","48389","0","166860"
"R202406-3-06","2024-06-01","2024","2024-06","2024-Q2","Smart Corner","U306","Electronics","Retail Group C","Dammam","East","Oasis Mall","Second","South","136323","96789","14535","143","257","529","QAR","39534","-5508","141831"
"R202406-3-07","2024-06-01","2024","2024-06","2024-Q2","Fresh Table","U307","Food and Beverage","Retail Group A","Dammam","East","Oasis Mall","Ground","East","82620","32222","8550","1271","1652","5084","QAR","50398","-810","83430"
"R202406-3-08","2024-06-01","2024","2024-06","2024-Q2","Bean Street","U308","Food and Beverage","Retail Group B","Dammam","East","Oasis Mall","First","West","59535","23219","6413","916","1420","3939","QAR","36316","-3038","62573"
"R202406-3-09","2024-06-01","2024","2024-06","2024-Q2","Sweet Spot","U309","Food and Beverage","Retail Group C","Dammam","East","Oasis Mall","Second","North","49086","19144","5130","755","1359","2567","QAR","29942","-972","50058"
"R202406-3-10","2024-06-01","2024","2024-06","2024-Q2","Home Living","U310","Home and Lifestyle","Retail Group A","Dammam","East","Oasis Mall","Ground","South","113927","68356","12398","271","352","1003","QAR","45571","-7047","120974"
"R202406-3-11","2024-06-01","2024","2024-06","2024-Q2","Comfort Store","U311","Home and Lifestyle","Retail Group B","Dammam","East","Oasis Mall","First","East","101250","60750","10688","241","374","964","QAR","40500","-3038","104288"
"R202406-3-12","2024-06-01","2024","2024-06","2024-Q2","Decor Lane","U312","Home and Lifestyle","Retail Group C","Dammam","East","Oasis Mall","Second","West","79259","47555","8123","189","340","813","QAR","31704","0","79259"
"R202407-1-01","2024-07-01","2024","2024-07","2024-Q3","Nova Fashion","U101","Fashion","Retail Group A","Riyadh","Central","Palm Mall","Ground","North","133162","75902","14820","476","619","1618","QAR","57260","-8236","141398"
"R202407-1-02","2024-07-01","2024","2024-07","2024-Q3","Urban Style","U102","Fashion","Retail Group B","Riyadh","Central","Palm Mall","First","South","116160","66211","12540","415","643","1536","QAR","49949","-3485","119645"
"R202407-1-03","2024-07-01","2024","2024-07","2024-Q3","Linen House","U103","Fashion","Retail Group C","Riyadh","Central","Palm Mall","Second","East","97891","55798","10260","350","630","1400","QAR","42093","0","97891"
"R202407-1-04","2024-07-01","2024","2024-07","2024-Q3","Tech Hub","U104","Electronics","Retail Group A","Riyadh","Central","Palm Mall","Ground","West","250906","178143","27360","264","343","1135","QAR","72763","-10137","261043"
"R202407-1-05","2024-07-01","2024","2024-07","2024-Q3","Digital World","U105","Electronics","Retail Group B","Riyadh","Central","Palm Mall","First","North","215424","152951","22800","227","352","772","QAR","62473","-2112","217536"
"R202407-1-06","2024-07-01","2024","2024-07","2024-Q3","Smart Corner","U106","Electronics","Retail Group C","Riyadh","Central","Palm Mall","Second","South","175930","124910","19380","185","333","685","QAR","51020","-8976","184906"
"R202407-1-07","2024-07-01","2024","2024-07","2024-Q3","Fresh Table","U107","Food and Beverage","Retail Group A","Riyadh","Central","Palm Mall","Ground","East","106656","41596","11400","1641","2133","6564","QAR","65060","-2112","108768"
"R202407-1-08","2024-07-01","2024","2024-07","2024-Q3","Bean Street","U108","Food and Beverage","Retail Group B","Riyadh","Central","Palm Mall","First","West","76824","29961","8550","1182","1832","5083","QAR","46863","-4752","81576"
"R202407-1-09","2024-07-01","2024","2024-07","2024-Q3","Sweet Spot","U109","Food and Beverage","Retail Group C","Riyadh","Central","Palm Mall","Second","North","63360","24710","6840","975","1755","3315","QAR","38650","-1901","65261"
"R202407-1-10","2024-07-01","2024","2024-07","2024-Q3","Home Living","U110","Home and Lifestyle","Retail Group A","Riyadh","Central","Palm Mall","Ground","South","157714","94628","16530","376","489","1391","QAR","63086","0","157714"
"R202407-1-11","2024-07-01","2024","2024-07","2024-Q3","Comfort Store","U111","Home and Lifestyle","Retail Group B","Riyadh","Central","Palm Mall","First","East","130680","78408","14250","311","482","1244","QAR","52272","-5280","135960"
"R202407-1-12","2024-07-01","2024","2024-07","2024-Q3","Decor Lane","U112","Home and Lifestyle","Retail Group C","Riyadh","Central","Palm Mall","Second","West","102326","61396","10830","244","439","1049","QAR","40930","-1004","103330"
"R202407-2-01","2024-07-01","2024","2024-07","2024-Q3","Nova Fashion","U201","Fashion","Retail Group A","Jeddah","West","Coast Mall","Ground","North","117718","67099","12968","420","546","1428","QAR","50619","-6006","123724"
"R202407-2-02","2024-07-01","2024","2024-07","2024-Q3","Urban Style","U202","Fashion","Retail Group B","Jeddah","West","Coast Mall","First","South","102656","58514","10973","367","569","1358","QAR","44142","-2033","104689"
"R202407-2-03","2024-07-01","2024","2024-07","2024-Q3","Linen House","U203","Fashion","Retail Group C","Jeddah","West","Coast Mall","Second","East","80665","45979","8978","288","518","1152","QAR","34686","-4990","85655"
"R202407-2-04","2024-07-01","2024","2024-07","2024-Q3","Tech Hub","U204","Electronics","Retail Group A","Jeddah","West","Coast Mall","Ground","West","221760","157450","23940","233","303","1002","QAR","64310","-6653","228413"
"R202407-2-05","2024-07-01","2024","2024-07","2024-Q3","Digital World","U205","Electronics","Retail Group B","Jeddah","West","Coast Mall","First","North","190344","135144","19950","200","310","680","QAR","55200","0","190344"
"R202407-2-06","2024-07-01","2024","2024-07","2024-Q3","Smart Corner","U206","Electronics","Retail Group C","Jeddah","West","Coast Mall","Second","South","155509","110411","16958","164","295","607","QAR","45098","-6283","161792"
"R202407-2-07","2024-07-01","2024","2024-07","2024-Q3","Fresh Table","U207","Food and Beverage","Retail Group A","Jeddah","West","Coast Mall","Ground","East","94248","36757","9975","1450","1885","5800","QAR","57491","-924","95172"
"R202407-2-08","2024-07-01","2024","2024-07","2024-Q3","Bean Street","U208","Food and Beverage","Retail Group B","Jeddah","West","Coast Mall","First","West","67914","26486","7481","1045","1620","4494","QAR","41428","-3465","71379"
"R202407-2-09","2024-07-01","2024","2024-07","2024-Q3","Sweet Spot","U209","Food and Beverage","Retail Group C","Jeddah","West","Coast Mall","Second","North","55994","21838","5985","861","1550","2927","QAR","34156","-1109","57103"
"R202407-2-10","2024-07-01","2024","2024-07","2024-Q3","Home Living","U210","Home and Lifestyle","Retail Group A","Jeddah","West","Coast Mall","Ground","South","129961","77977","14464","309","402","1143","QAR","51984","-8038","137999"
"R202407-2-11","2024-07-01","2024","2024-07","2024-Q3","Comfort Store","U211","Home and Lifestyle","Retail Group B","Jeddah","West","Coast Mall","First","East","115500","69300","12469","275","426","1100","QAR","46200","-3465","118965"
"R202407-2-12","2024-07-01","2024","2024-07","2024-Q3","Decor Lane","U212","Home and Lifestyle","Retail Group C","Jeddah","West","Coast Mall","Second","West","90413","54248","9476","215","387","925","QAR","36165","0","90413"
"R202407-3-01","2024-07-01","2024","2024-07","2024-Q3","Nova Fashion","U301","Fashion","Retail Group A","Dammam","East","Oasis Mall","Ground","North","101930","58100","11115","364","473","1238","QAR","43830","-4119","106049"
"R202407-3-02","2024-07-01","2024","2024-07","2024-Q3","Urban Style","U302","Fashion","Retail Group B","Dammam","East","Oasis Mall","First","South","88862","50651","9405","317","491","1173","QAR","38211","-872","89734"
"R202407-3-03","2024-07-01","2024","2024-07","2024-Q3","Linen House","U303","Fashion","Retail Group C","Dammam","East","Oasis Mall","Second","East","69854","39817","7695","249","448","996","QAR","30037","-3564","73418"
"R202407-3-04","2024-07-01","2024","2024-07","2024-Q3","Tech Hub","U304","Electronics","Retail Group A","Dammam","East","Oasis Mall","Ground","West","191981","136307","20520","202","263","869","QAR","55674","-3801","195782"
"R202407-3-05","2024-07-01","2024","2024-07","2024-Q3","Digital World","U305","Electronics","Retail Group B","Dammam","East","Oasis Mall","First","North","153648","109090","17100","162","251","551","QAR","44558","-9504","163152"
"R202407-3-06","2024-07-01","2024","2024-07","2024-Q3","Smart Corner","U306","Electronics","Retail Group C","Dammam","East","Oasis Mall","Second","South","134640","95594","14535","142","256","525","QAR","39046","-4039","138679"
"R202407-3-07","2024-07-01","2024","2024-07","2024-Q3","Fresh Table","U307","Food and Beverage","Retail Group A","Dammam","East","Oasis Mall","Ground","East","81576","31815","8550","1255","1632","5020","QAR","49761","0","81576"
"R202407-3-08","2024-07-01","2024","2024-07","2024-Q3","Bean Street","U308","Food and Beverage","Retail Group B","Dammam","East","Oasis Mall","First","West","58806","22934","6413","905","1403","3892","QAR","35872","-2376","61182"
"R202407-3-09","2024-07-01","2024","2024-07","2024-Q3","Sweet Spot","U309","Food and Beverage","Retail Group C","Dammam","East","Oasis Mall","Second","North","48470","18903","5130","746","1343","2536","QAR","29567","-476","48946"
"R202407-3-10","2024-07-01","2024","2024-07","2024-Q3","Home Living","U310","Home and Lifestyle","Retail Group A","Dammam","East","Oasis Mall","Ground","South","112543","67526","12398","268","348","992","QAR","45017","-5742","118285"
"R202407-3-11","2024-07-01","2024","2024-07","2024-Q3","Comfort Store","U311","Home and Lifestyle","Retail Group B","Dammam","East","Oasis Mall","First","East","99990","59994","10688","238","369","952","QAR","39996","-1980","101970"
"R202407-3-12","2024-07-01","2024","2024-07","2024-Q3","Decor Lane","U312","Home and Lifestyle","Retail Group C","Dammam","East","Oasis Mall","Second","West","72983","43790","8123","174","313","748","QAR","29193","-4514","77497"
"R202408-1-01","2024-08-01","2024","2024-08","2024-Q3","Nova Fashion","U101","Fashion","Retail Group A","Riyadh","Central","Palm Mall","Ground","North","149822","85399","14820","535","696","1819","QAR","64423","-7644","157466"
"R202408-1-02","2024-08-01","2024","2024-08","2024-Q3","Urban Style","U102","Fashion","Retail Group B","Riyadh","Central","Palm Mall","First","South","130654","74473","12540","467","724","1728","QAR","56181","-2587","133241"
"R202408-1-03","2024-08-01","2024","2024-08","2024-Q3","Linen House","U103","Fashion","Retail Group C","Riyadh","Central","Palm Mall","Second","East","102665","58519","10260","367","661","1468","QAR","44146","-6350","109015"
"R202408-1-04","2024-08-01","2024","2024-08","2024-Q3","Tech Hub","U104","Electronics","Retail Group A","Riyadh","Central","Palm Mall","Ground","West","282240","200390","27360","297","386","1277","QAR","81850","-8467","290707"
"R202408-1-05","2024-08-01","2024","2024-08","2024-Q3","Digital World","U105","Electronics","Retail Group B","Riyadh","Central","Palm Mall","First","North","242256","172002","22800","255","395","867","QAR","70254","0","242256"
"R202408-1-06","2024-08-01","2024","2024-08","2024-Q3","Smart Corner","U106","Electronics","Retail Group C","Riyadh","Central","Palm Mall","Second","South","197921","140524","19380","208","374","770","QAR","57397","-7997","205918"
"R202408-1-07","2024-08-01","2024","2024-08","2024-Q3","Fresh Table","U107","Food and Beverage","Retail Group A","Riyadh","Central","Palm Mall","Ground","East","119952","46781","11400","1845","2399","7380","QAR","73171","-1176","121128"
"R202408-1-08","2024-08-01","2024","2024-08","2024-Q3","Bean Street","U108","Food and Beverage","Retail Group B","Riyadh","Central","Palm Mall","First","West","86436","33710","8550","1330","2062","5719","QAR","52726","-4410","90846"
"R202408-1-09","2024-08-01","2024","2024-08","2024-Q3","Sweet Spot","U109","Food and Beverage","Retail Group C","Riyadh","Central","Palm Mall","Second","North","71266","27794","6840","1096","1973","3726","QAR","43472","-1411","72677"
"R202408-1-10","2024-08-01","2024","2024-08","2024-Q3","Home Living","U110","Home and Lifestyle","Retail Group A","Riyadh","Central","Palm Mall","Ground","South","165404","99242","16530","394","512","1458","QAR","66162","-10232","175636"
"R202408-1-11","2024-08-01","2024","2024-08","2024-Q3","Comfort Store","U111","Home and Lifestyle","Retail Group B","Riyadh","Central","Palm Mall","First","East","147000","88200","14250","350","543","1400","QAR","58800","-4410","151410"
"R202408-1-12","2024-08-01","2024","2024-08","2024-Q3","Decor Lane","U112","Home and Lifestyle","Retail Group C","Riyadh","Central","Palm Mall","Second","West","115072","69043","10830","274","493","1178","QAR","46029","0","115072"
"R202408-2-01","2024-08-01","2024","2024-08","2024-Q3","Nova Fashion","U201","Fashion","Retail Group A","Jeddah","West","Coast Mall","Ground","North","132432","75486","12968","473","615","1608","QAR","56946","-5351","137783"
"R202408-2-02","2024-08-01","2024","2024-08","2024-Q3","Urban Style","U202","Fashion","Retail Group B","Jeddah","West","Coast Mall","First","South","115454","65809","10973","412","639","1524","QAR","49645","-1132","116586"
"R202408-2-03","2024-08-01","2024","2024-08","2024-Q3","Linen House","U203","Fashion","Retail Group C","Jeddah","West","Coast Mall","Second","East","90758","51732","8978","324","583","1296","QAR","39026","-4630","95388"
"R202408-2-04","2024-08-01","2024","2024-08","2024-Q3","Tech Hub","U204","Electronics","Retail Group A","Jeddah","West","Coast Mall","Ground","West","249430","177095","23940","263","342","1131","QAR","72335","-4939","254369"
"R202408-2-05","2024-08-01","2024","2024-08","2024-Q3","Digital World","U205","Electronics","Retail Group B","Jeddah","West","Coast Mall","First","North","199626","141734","19950","210","326","714","QAR","57892","-12348","211974"
"R202408-2-06","2024-08-01","2024","2024-08","2024-Q3","Smart Corner","U206","Electronics","Retail Group C","Jeddah","West","Coast Mall","Second","South","174930","124200","16958","184","331","681","QAR","50730","-5248","180178"
"R202408-2-07","2024-08-01","2024","2024-08","2024-Q3","Fresh Table","U207","Food and Beverage","Retail Group A","Jeddah","West","Coast Mall","Ground","East","105987","41335","9975","1631","2120","6524","QAR","64652","0","105987"
"R202408-2-08","2024-08-01","2024","2024-08","2024-Q3","Bean Street","U208","Food and Beverage","Retail Group B","Jeddah","West","Coast Mall","First","West","76403","29797","7481","1175","1821","5053","QAR","46606","-3087","79490"
"R202408-2-09","2024-08-01","2024","2024-08","2024-Q3","Sweet Spot","U209","Food and Beverage","Retail Group C","Jeddah","West","Coast Mall","Second","North","62975","24560","5985","969","1744","3295","QAR","38415","-617","63592"
"R202408-2-10","2024-08-01","2024","2024-08","2024-Q3","Home Living","U210","Home and Lifestyle","Retail Group A","Jeddah","West","Coast Mall","Ground","South","146221","87733","14464","348","452","1288","QAR","58488","-7460","153681"
"R202408-2-11","2024-08-01","2024","2024-08","2024-Q3","Comfort Store","U211","Home and Lifestyle","Retail Group B","Jeddah","West","Coast Mall","First","East","129911","77947","12469","309","479","1236","QAR","51964","-2573","132484"
"R202408-2-12","2024-08-01","2024","2024-08","2024-Q3","Decor Lane","U212","Home and Lifestyle","Retail Group C","Jeddah","West","Coast Mall","Second","West","94822","56893","9476","226","407","972","QAR","37929","-5866","100688"
"R202408-3-01","2024-08-01","2024","2024-08","2024-Q3","Nova Fashion","U301","Fashion","Retail Group A","Dammam","East","Oasis Mall","Ground","North","114660","65356","11115","410","533","1394","QAR","49304","-3440","118100"
"R202408-3-02","2024-08-01","2024","2024-08","2024-Q3","Urban Style","U302","Fashion","Retail Group B","Dammam","East","Oasis Mall","First","South","99931","56961","9405","357","553","1321","QAR","42970","0","99931"
"R202408-3-03","2024-08-01","2024","2024-08","2024-Q3","Linen House","U303","Fashion","Retail Group C","Dammam","East","Oasis Mall","Second","East","78586","44794","7695","281","506","1124","QAR","33792","-3175","81761"
"R202408-3-04","2024-08-01","2024","2024-08","2024-Q3","Tech Hub","U304","Electronics","Retail Group A","Dammam","East","Oasis Mall","Ground","West","215914","153299","20520","227","295","976","QAR","62615","-2116","218030"
"R202408-3-05","2024-08-01","2024","2024-08","2024-Q3","Digital World","U305","Electronics","Retail Group B","Dammam","East","Oasis Mall","First","North","172872","122739","17100","182","282","619","QAR","50133","-8820","181692"
"R202408-3-06","2024-08-01","2024","2024-08","2024-Q3","Smart Corner","U306","Electronics","Retail Group C","Dammam","East","Oasis Mall","Second","South","151439","107522","14535","159","286","588","QAR","43917","-2999","154438"
"R202408-3-07","2024-08-01","2024","2024-08","2024-Q3","Fresh Table","U307","Food and Beverage","Retail Group A","Dammam","East","Oasis Mall","Ground","East","85554","33366","8550","1316","1711","5264","QAR","52188","-5292","90846"
"R202408-3-08","2024-08-01","2024","2024-08","2024-Q3","Bean Street","U308","Food and Beverage","Retail Group B","Dammam","East","Oasis Mall","First","West","66150","25799","6413","1018","1578","4377","QAR","40351","-1985","68135"
"R202408-3-09","2024-08-01","2024","2024-08","2024-Q3","Sweet Spot","U309","Food and Beverage","Retail Group C","Dammam","East","Oasis Mall","Second","North","54508","21258","5130","839","1510","2853","QAR","33250","0","54508"
"R202408-3-10","2024-08-01","2024","2024-08","2024-Q3","Home Living","U310","Home and Lifestyle","Retail Group A","Dammam","East","Oasis Mall","Ground","South","126611","75967","12398","301","391","1114","QAR","50644","-5116","131727"
"R202408-3-11","2024-08-01","2024","2024-08","2024-Q3","Comfort Store","U311","Home and Lifestyle","Retail Group B","Dammam","East","Oasis Mall","First","East","112455","67473","10688","268","415","1072","QAR","44982","-1103","113558"
"R202408-3-12","2024-08-01","2024","2024-08","2024-Q3","Decor Lane","U312","Home and Lifestyle","Retail Group C","Dammam","East","Oasis Mall","Second","West","82114","49268","8123","196","353","843","QAR","32846","-4190","86304"
"R202409-1-01","2024-09-01","2024","2024-09","2024-Q3","Nova Fashion","U101","Fashion","Retail Group A","Riyadh","Central","Palm Mall","Ground","North","162162","92432","14820","579","753","1969","QAR","69730","-6552","168714"
"R202409-1-02","2024-09-01","2024","2024-09","2024-Q3","Urban Style","U102","Fashion","Retail Group B","Riyadh","Central","Palm Mall","First","South","141372","80582","12540","505","783","1868","QAR","60790","-1386","142758"
"R202409-1-03","2024-09-01","2024","2024-09","2024-Q3","Linen House","U103","Fashion","Retail Group C","Riyadh","Central","Palm Mall","Second","East","111132","63345","10260","397","715","1588","QAR","47787","-5670","116802"
"R202409-1-04","2024-09-01","2024","2024-09","2024-Q3","Tech Hub","U104","Electronics","Retail Group A","Riyadh","Central","Palm Mall","Ground","West","305424","216851","27360","321","417","1380","QAR","88573","-6048","311472"
"R202409-1-05","2024-09-01","2024","2024-09","2024-Q3","Digital World","U105","Electronics","Retail Group B","Riyadh","Central","Palm Mall","First","North","244440","173552","22800","257","398","874","QAR","70888","-15120","259560"
"R202409-1-06","2024-09-01","2024","2024-09","2024-Q3","Smart Corner","U106","Electronics","Retail Group C","Riyadh","Central","Palm Mall","Second","South","214200","152082","19380","225","405","832","QAR","62118","-6426","220626"
"R202409-1-07","2024-09-01","2024","2024-09","2024-Q3","Fresh Table","U107","Food and Beverage","Retail Group A","Riyadh","Central","Palm Mall","Ground","East","129780","50614","11400","1997","2596","7988","QAR","79166","0","129780"
"R202409-1-08","2024-09-01","2024","2024-09","2024-Q3","Bean Street","U108","Food and Beverage","Retail Group B","Riyadh","Central","Palm Mall","First","West","93555","36486","8550","1439","2230","6188","QAR","57069","-3780","97335"
"R202409-1-09","2024-09-01","2024","2024-09","2024-Q3","Sweet Spot","U109","Food and Beverage","Retail Group C","Riyadh","Central","Palm Mall","Second","North","77112","30074","6840","1186","2135","4032","QAR","47038","-756","77868"
"R202409-1-10","2024-09-01","2024","2024-09","2024-Q3","Home Living","U110","Home and Lifestyle","Retail Group A","Riyadh","Central","Palm Mall","Ground","South","179046","107428","16530","426","554","1576","QAR","71618","-9135","188181"
"R202409-1-11","2024-09-01","2024","2024-09","2024-Q3","Comfort Store","U111","Home and Lifestyle","Retail Group B","Riyadh","Central","Palm Mall","First","East","159075","95445","14250","379","587","1516","QAR","63630","-3150","162225"
"R202409-1-12","2024-09-01","2024","2024-09","2024-Q3","Decor Lane","U112","Home and Lifestyle","Retail Group C","Riyadh","Central","Palm Mall","Second","West","116109","69665","10830","276","497","1187","QAR","46444","-7182","123291"
"R202409-2-01","2024-09-01","2024","2024-09","2024-Q3","Nova Fashion","U201","Fashion","Retail Group A","Jeddah","West","Coast Mall","Ground","North","143325","81695","12968","512","666","1741","QAR","61630","-4300","147625"
"R202409-2-02","2024-09-01","2024","2024-09","2024-Q3","Urban Style","U202","Fashion","Retail Group B","Jeddah","West","Coast Mall","First","South","124913","71200","10973","446","691","1650","QAR","53713","0","124913"
"R202409-2-03","2024-09-01","2024","2024-09","2024-Q3","Linen House","U203","Fashion","Retail Group C","Jeddah","West","Coast Mall","Second","East","98233","55993","8978","351","632","1404","QAR","42240","-3969","102202"
"R202409-2-04","2024-09-01","2024","2024-09","2024-Q3","Tech Hub","U204","Electronics","Retail Group A","Jeddah","West","Coast Mall","Ground","West","269892","191623","23940","284","369","1221","QAR","78269","-2646","272538"
"R202409-2-05","2024-09-01","2024","2024-09","2024-Q3","Digital World","U205","Electronics","Retail Group B","Jeddah","West","Coast Mall","First","North","216090","153424","19950","227","352","772","QAR","62666","-11025","227115"
"R202409-2-06","2024-09-01","2024","2024-09","2024-Q3","Smart Corner","U206","Electronics","Retail Group C","Jeddah","West","Coast Mall","Second","South","189299","134402","16958","199","358","736","QAR","54897","-3749","193048"
"R202409-2-07","2024-09-01","2024","2024-09","2024-Q3","Fresh Table","U207","Food and Beverage","Retail Group A","Jeddah","West","Coast Mall","Ground","East","106943","41708","9975","1645","2139","6580","QAR","65235","-6615","113558"
"R202409-2-08","2024-09-01","2024","2024-09","2024-Q3","Bean Street","U208","Food and Beverage","Retail Group B","Jeddah","West","Coast Mall","First","West","82688","32248","7481","1272","1972","5470","QAR","50440","-2480","85168"
"R202409-2-09","2024-09-01","2024","2024-09","2024-Q3","Sweet Spot","U209","Food and Beverage","Retail Group C","Jeddah","West","Coast Mall","Second","North","68135","26573","5985","1048","1886","3563","QAR","41562","0","68135"
"R202409-2-10","2024-09-01","2024","2024-09","2024-Q3","Home Living","U210","Home and Lifestyle","Retail Group A","Jeddah","West","Coast Mall","Ground","South","158264","94958","14464","377","490","1395","QAR","63306","-6394","164658"
"R202409-2-11","2024-09-01","2024","2024-09","2024-Q3","Comfort Store","U211","Home and Lifestyle","Retail Group B","Jeddah","West","Coast Mall","First","East","140569","84341","12469","335","519","1340","QAR","56228","-1378","141947"
"R202409-2-12","2024-09-01","2024","2024-09","2024-Q3","Decor Lane","U212","Home and Lifestyle","Retail Group C","Jeddah","West","Coast Mall","Second","West","102643","61586","9476","244","439","1049","QAR","41057","-5237","107880"
"R202409-3-01","2024-09-01","2024","2024-09","2024-Q3","Nova Fashion","U301","Fashion","Retail Group A","Dammam","East","Oasis Mall","Ground","North","124079","70725","11115","443","576","1506","QAR","53354","-2457","126536"
"R202409-3-02","2024-09-01","2024","2024-09","2024-Q3","Urban Style","U302","Fashion","Retail Group B","Dammam","East","Oasis Mall","First","South","100832","57474","9405","360","558","1332","QAR","43358","-6237","107069"
"R202409-3-03","2024-09-01","2024","2024-09","2024-Q3","Linen House","U303","Fashion","Retail Group C","Dammam","East","Oasis Mall","Second","East","85050","48478","7695","304","547","1216","QAR","36572","-2552","87602"
"R202409-3-04","2024-09-01","2024","2024-09","2024-Q3","Tech Hub","U304","Electronics","Retail Group A","Dammam","East","Oasis Mall","Ground","West","233604","165859","20520","246","320","1058","QAR","67745","0","233604"
"R202409-3-05","2024-09-01","2024","2024-09","2024-Q3","Digital World","U305","Electronics","Retail Group B","Dammam","East","Oasis Mall","First","North","187110","132848","17100","197","305","670","QAR","54262","-7560","194670"
"R202409-3-06","2024-09-01","2024","2024-09","2024-Q3","Smart Corner","U306","Electronics","Retail Group C","Dammam","East","Oasis Mall","Second","South","163863","116343","14535","172","310","636","QAR","47520","-1607","165470"
"R202409-3-07","2024-09-01","2024","2024-09","2024-Q3","Fresh Table","U307","Food and Beverage","Retail Group A","Dammam","East","Oasis Mall","Ground","East","92610","36118","8550","1425","1853","5700","QAR","56492","-4725","97335"
"R202409-3-08","2024-09-01","2024","2024-09","2024-Q3","Bean Street","U308","Food and Beverage","Retail Group B","Dammam","East","Oasis Mall","First","West","71584","27918","6413","1101","1707","4734","QAR","43666","-1417","73001"
"R202409-3-09","2024-09-01","2024","2024-09","2024-Q3","Sweet Spot","U309","Food and Beverage","Retail Group C","Dammam","East","Oasis Mall","Second","North","54999","21450","5130","846","1523","2876","QAR","33549","-3402","58401"
"R202409-3-10","2024-09-01","2024","2024-09","2024-Q3","Home Living","U310","Home and Lifestyle","Retail Group A","Dammam","East","Oasis Mall","Ground","South","137025","82215","12398","326","424","1206","QAR","54810","-4111","141136"
"R202409-3-11","2024-09-01","2024","2024-09","2024-Q3","Comfort Store","U311","Home and Lifestyle","Retail Group B","Dammam","East","Oasis Mall","First","East","121669","73001","10688","290","450","1160","QAR","48668","0","121669"
"R202409-3-12","2024-09-01","2024","2024-09","2024-Q3","Decor Lane","U312","Home and Lifestyle","Retail Group C","Dammam","East","Oasis Mall","Second","West","88877","53326","8123","212","382","912","QAR","35551","-3591","92468"
"R202410-1-01","2024-10-01","2024","2024-10","2024-Q4","Nova Fashion","U101","Fashion","Retail Group A","Riyadh","Central","Palm Mall","Ground","North","168480","96034","14820","602","783","2047","QAR","72446","-5054","173534"
"R202410-1-02","2024-10-01","2024","2024-10","2024-Q4","Urban Style","U102","Fashion","Retail Group B","Riyadh","Central","Palm Mall","First","South","146837","83697","12540","524","812","1939","QAR","63140","0","146837"
"R202410-1-03","2024-10-01","2024","2024-10","2024-Q4","Linen House","U103","Fashion","Retail Group C","Riyadh","Central","Palm Mall","Second","East","115474","65820","10260","412","742","1648","QAR","49654","-4665","120139"
"R202410-1-04","2024-10-01","2024","2024-10","2024-Q4","Tech Hub","U104","Electronics","Retail Group A","Riyadh","Central","Palm Mall","Ground","West","317261","225255","27360","334","434","1436","QAR","92006","-3110","320371"
"R202410-1-05","2024-10-01","2024","2024-10","2024-Q4","Digital World","U105","Electronics","Retail Group B","Riyadh","Central","Palm Mall","First","North","254016","180351","22800","267","414","908","QAR","73665","-12960","266976"
"R202410-1-06","2024-10-01","2024","2024-10","2024-Q4","Smart Corner","U106","Electronics","Retail Group C","Riyadh","Central","Palm Mall","Second","South","222523","157991","19380","234","421","866","QAR","64532","-4407","226930"
"R202410-1-07","2024-10-01","2024","2024-10","2024-Q4","Fresh Table","U107","Food and Beverage","Retail Group A","Riyadh","Central","Palm Mall","Ground","East","125712","49028","11400","1934","2514","7736","QAR","76684","-7776","133488"
"R202410-1-08","2024-10-01","2024","2024-10","2024-Q4","Bean Street","U108","Food and Beverage","Retail Group B","Riyadh","Central","Palm Mall","First","West","97200","37908","8550","1495","2317","6429","QAR","59292","-2916","100116"
"R202410-1-09","2024-10-01","2024","2024-10","2024-Q4","Sweet Spot","U109","Food and Beverage","Retail Group C","Riyadh","Central","Palm Mall","Second","North","80093","31236","6840","1232","2218","4189","QAR","48857","0","80093"
"R202410-1-10","2024-10-01","2024","2024-10","2024-Q4","Home Living","U110","Home and Lifestyle","Retail Group A","Riyadh","Central","Palm Mall","Ground","South","186041","111625","16530","443","576","1639","QAR","74416","-7517","193558"
"R202410-1-11","2024-10-01","2024","2024-10","2024-Q4","Comfort Store","U111","Home and Lifestyle","Retail Group B","Riyadh","Central","Palm Mall","First","East","165240","99144","14250","393","609","1572","QAR","66096","-1620","166860"
"R202410-1-12","2024-10-01","2024","2024-10","2024-Q4","Decor Lane","U112","Home and Lifestyle","Retail Group C","Riyadh","Central","Palm Mall","Second","West","120658","72395","10830","287","517","1234","QAR","48263","-6156","126814"
"R202410-2-01","2024-10-01","2024","2024-10","2024-Q4","Nova Fashion","U201","Fashion","Retail Group A","Jeddah","West","Coast Mall","Ground","North","148894","84870","12968","532","692","1809","QAR","64024","-2949","151843"
"R202410-2-02","2024-10-01","2024","2024-10","2024-Q4","Urban Style","U202","Fashion","Retail Group B","Jeddah","West","Coast Mall","First","South","120998","68969","10973","432","670","1598","QAR","52029","-7484","128482"
"R202410-2-03","2024-10-01","2024","2024-10","2024-Q4","Linen House","U203","Fashion","Retail Group C","Jeddah","West","Coast Mall","Second","East","102060","58174","8978","365","657","1460","QAR","43886","-3062","105122"
"R202410-2-04","2024-10-01","2024","2024-10","2024-Q4","Tech Hub","U204","Electronics","Retail Group A","Jeddah","West","Coast Mall","Ground","West","280325","199031","23940","295","384","1269","QAR","81294","0","280325"
"R202410-2-05","2024-10-01","2024","2024-10","2024-Q4","Digital World","U205","Electronics","Retail Group B","Jeddah","West","Coast Mall","First","North","224532","159418","19950","236","366","802","QAR","65114","-9072","233604"
"R202410-2-06","2024-10-01","2024","2024-10","2024-Q4","Smart Corner","U206","Electronics","Retail Group C","Jeddah","West","Coast Mall","Second","South","196636","139612","16958","207","373","766","QAR","57024","-1927","198563"
"R202410-2-07","2024-10-01","2024","2024-10","2024-Q4","Fresh Table","U207","Food and Beverage","Retail Group A","Jeddah","West","Coast Mall","Ground","East","111132","43341","9975","1710","2223","6840","QAR","67791","-5670","116802"
"R202410-2-08","2024-10-01","2024","2024-10","2024-Q4","Bean Street","U208","Food and Beverage","Retail Group B","Jeddah","West","Coast Mall","First","West","85901","33501","7481","1322","2049","5685","QAR","52400","-1701","87602"
"R202410-2-09","2024-10-01","2024","2024-10","2024-Q4","Sweet Spot","U209","Food and Beverage","Retail Group C","Jeddah","West","Coast Mall","Second","North","65999","25740","5985","1015","1827","3451","QAR","40259","-4082","70081"
"R202410-2-10","2024-10-01","2024","2024-10","2024-Q4","Home Living","U210","Home and Lifestyle","Retail Group A","Jeddah","West","Coast Mall","Ground","South","164430","98658","14464","392","510","1450","QAR","65772","-4933","169363"
"R202410-2-11","2024-10-01","2024","2024-10","2024-Q4","Comfort Store","U211","Home and Lifestyle","Retail Group B","Jeddah","West","Coast Mall","First","East","146003","87602","12469","348","539","1392","QAR","58401","0","146003"
"R202410-2-12","2024-10-01","2024","2024-10","2024-Q4","Decor Lane","U212","Home and Lifestyle","Retail Group C","Jeddah","West","Coast Mall","Second","West","106653","63992","9476","254","457","1092","QAR","42661","-4309","110962"
"R202410-3-01","2024-10-01","2024","2024-10","2024-Q4","Nova Fashion","U301","Fashion","Retail Group A","Dammam","East","Oasis Mall","Ground","North","128887","73466","11115","460","598","1564","QAR","55421","-1264","130151"
"R202410-3-02","2024-10-01","2024","2024-10","2024-Q4","Urban Style","U302","Fashion","Retail Group B","Dammam","East","Oasis Mall","First","South","104782","59726","9405","374","580","1384","QAR","45056","-5346","110128"
"R202410-3-03","2024-10-01","2024","2024-10","2024-Q4","Linen House","U303","Fashion","Retail Group C","Dammam","East","Oasis Mall","Second","East","88355","50362","7695","316","569","1264","QAR","37993","-1749","90104"
"R202410-3-04","2024-10-01","2024","2024-10","2024-Q4","Tech Hub","U304","Electronics","Retail Group A","Dammam","East","Oasis Mall","Ground","West","226282","160660","20520","238","309","1023","QAR","65622","-13996","240278"
"R202410-3-05","2024-10-01","2024","2024-10","2024-Q4","Digital World","U305","Electronics","Retail Group B","Dammam","East","Oasis Mall","First","North","194400","138024","17100","205","318","697","QAR","56376","-5832","200232"
"R202410-3-06","2024-10-01","2024","2024-10","2024-Q4","Smart Corner","U306","Electronics","Retail Group C","Dammam","East","Oasis Mall","Second","South","170197","120840","14535","179","322","662","QAR","49357","0","170197"
"R202410-3-07","2024-10-01","2024","2024-10","2024-Q4","Fresh Table","U307","Food and Beverage","Retail Group A","Dammam","East","Oasis Mall","Ground","East","96228","37529","8550","1480","1924","5920","QAR","58699","-3888","100116"
"R202410-3-08","2024-10-01","2024","2024-10","2024-Q4","Bean Street","U308","Food and Beverage","Retail Group B","Dammam","East","Oasis Mall","First","West","74358","29000","6413","1144","1773","4919","QAR","45358","-729","75087"
"R202410-3-09","2024-10-01","2024","2024-10","2024-Q4","Sweet Spot","U309","Food and Beverage","Retail Group C","Dammam","East","Oasis Mall","Second","North","57154","22290","5130","879","1582","2989","QAR","34864","-2916","60070"
"R202410-3-10","2024-10-01","2024","2024-10","2024-Q4","Home Living","U310","Home and Lifestyle","Retail Group A","Dammam","East","Oasis Mall","Ground","South","142349","85409","12398","339","441","1254","QAR","56940","-2819","145168"
"R202410-3-11","2024-10-01","2024","2024-10","2024-Q4","Comfort Store","U311","Home and Lifestyle","Retail Group B","Dammam","East","Oasis Mall","First","East","117855","70713","10688","281","436","1124","QAR","47142","-7290","125145"
"R202410-3-12","2024-10-01","2024","2024-10","2024-Q4","Decor Lane","U312","Home and Lifestyle","Retail Group C","Dammam","East","Oasis Mall","Second","West","92340","55404","8123","220","396","946","QAR","36936","-2770","95110"
"R202411-1-01","2024-11-01","2024","2024-11","2024-Q4","Nova Fashion","U101","Fashion","Retail Group A","Riyadh","Central","Palm Mall","Ground","North","189072","107771","14820","675","878","2295","QAR","81301","-3744","192816"
"R202411-1-02","2024-11-01","2024","2024-11","2024-Q4","Urban Style","U102","Fashion","Retail Group B","Riyadh","Central","Palm Mall","First","South","153648","87579","12540","549","851","2031","QAR","66069","-9504","163152"
"R202411-1-03","2024-11-01","2024","2024-11","2024-Q4","Linen House","U103","Fashion","Retail Group C","Riyadh","Central","Palm Mall","Second","East","129600","73872","10260","463","833","1852","QAR","55728","-3888","133488"
"R202411-1-04","2024-11-01","2024","2024-11","2024-Q4","Tech Hub","U104","Electronics","Retail Group A","Riyadh","Central","Palm Mall","Ground","West","355968","252737","27360","375","488","1613","QAR","103231","0","355968"
"R202411-1-05","2024-11-01","2024","2024-11","2024-Q4","Digital World","U105","Electronics","Retail Group B","Riyadh","Central","Palm Mall","First","North","285120","202435","22800","300","465","1020","QAR","82685","-11520","296640"
"R202411-1-06","2024-11-01","2024","2024-11","2024-Q4","Smart Corner","U106","Electronics","Retail Group C","Riyadh","Central","Palm Mall","Second","South","249696","177284","19380","263","473","973","QAR","72412","-2448","252144"
"R202411-1-07","2024-11-01","2024","2024-11","2024-Q4","Fresh Table","U107","Food and Beverage","Retail Group A","Riyadh","Central","Palm Mall","Ground","East","141120","55037","11400","2171","2822","8684","QAR","86083","-7200","148320"
"R202411-1-08","2024-11-01","2024","2024-11","2024-Q4","Bean Street","U108","Food and Beverage","Retail Group B","Riyadh","Central","Palm Mall","First","West","109080","42541","8550","1678","2601","7215","QAR","66539","-2160","111240"
"R202411-1-09","2024-11-01","2024","2024-11","2024-Q4","Sweet Spot","U109","Food and Beverage","Retail Group C","Riyadh","Central","Palm Mall","Second","North","83808","32685","6840","1289","2320","4383","QAR","51123","-5184","88992"
"R202411-1-10","2024-11-01","2024","2024-11","2024-Q4","Home Living","U110","Home and Lifestyle","Retail Group A","Riyadh","Central","Palm Mall","Ground","South","208800","125280","16530","497","646","1839","QAR","83520","-6264","215064"
"R202411-1-11","2024-11-01","2024","2024-11","2024-Q4","Comfort Store","U111","Home and Lifestyle","Retail Group B","Riyadh","Central","Palm Mall","First","East","185400","111240","14250","441","684","1764","QAR","74160","0","185400"
"R202411-1-12","2024-11-01","2024","2024-11","2024-Q4","Decor Lane","U112","Home and Lifestyle","Retail Group C","Riyadh","Central","Palm Mall","Second","West","135432","81259","10830","322","580","1385","QAR","54173","-5472","140904"
"R202411-2-01","2024-11-01","2024","2024-11","2024-Q4","Nova Fashion","U201","Fashion","Retail Group A","Jeddah","West","Coast Mall","Ground","North","167076","95233","12968","597","776","2030","QAR","71843","-1638","168714"
"R202411-2-02","2024-11-01","2024","2024-11","2024-Q4","Urban Style","U202","Fashion","Retail Group B","Jeddah","West","Coast Mall","First","South","135828","77422","10973","485","752","1794","QAR","58406","-6930","142758"
"R202411-2-03","2024-11-01","2024","2024-11","2024-Q4","Linen House","U203","Fashion","Retail Group C","Jeddah","West","Coast Mall","Second","East","114534","65284","8978","409","736","1636","QAR","49250","-2268","116802"
"R202411-2-04","2024-11-01","2024","2024-11","2024-Q4","Tech Hub","U204","Electronics","Retail Group A","Jeddah","West","Coast Mall","Ground","West","293328","208263","23940","309","402","1329","QAR","85065","-18144","311472"
"R202411-2-05","2024-11-01","2024","2024-11","2024-Q4","Digital World","U205","Electronics","Retail Group B","Jeddah","West","Coast Mall","First","North","252000","178920","19950","265","411","901","QAR","73080","-7560","259560"
"R202411-2-06","2024-11-01","2024","2024-11","2024-Q4","Smart Corner","U206","Electronics","Retail Group C","Jeddah","West","Coast Mall","Second","South","220626","156644","16958","232","418","858","QAR","63982","0","220626"
"R202411-2-07","2024-11-01","2024","2024-11","2024-Q4","Fresh Table","U207","Food and Beverage","Retail Group A","Jeddah","West","Coast Mall","Ground","East","124740","48649","9975","1919","2495","7676","QAR","76091","-5040","129780"
"R202411-2-08","2024-11-01","2024","2024-11","2024-Q4","Bean Street","U208","Food and Beverage","Retail Group B","Jeddah","West","Coast Mall","First","West","96390","37592","7481","1483","2299","6377","QAR","58798","-945","97335"
"R202411-2-09","2024-11-01","2024","2024-11","2024-Q4","Sweet Spot","U209","Food and Beverage","Retail Group C","Jeddah","West","Coast Mall","Second","North","74088","28894","5985","1140","2052","3876","QAR","45194","-3780","77868"
"R202411-2-10","2024-11-01","2024","2024-11","2024-Q4","Home Living","U210","Home and Lifestyle","Retail Group A","Jeddah","West","Coast Mall","Ground","South","184527","110716","14464","439","571","1624","QAR","73811","-3654","188181"
"R202411-2-11","2024-11-01","2024","2024-11","2024-Q4","Comfort Store","U211","Home and Lifestyle","Retail Group B","Jeddah","West","Coast Mall","First","East","152775","91665","12469","364","564","1456","QAR","61110","-9450","162225"
"R202411-2-12","2024-11-01","2024","2024-11","2024-Q4","Decor Lane","U212","Home and Lifestyle","Retail Group C","Jeddah","West","Coast Mall","Second","West","119700","71820","9476","285","513","1226","QAR","47880","-3591","123291"
"R202411-3-01","2024-11-01","2024","2024-11","2024-Q4","Nova Fashion","U301","Fashion","Retail Group A","Dammam","East","Oasis Mall","Ground","North","144612","82429","11115","516","671","1754","QAR","62183","0","144612"
"R202411-3-02","2024-11-01","2024","2024-11","2024-Q4","Urban Style","U302","Fashion","Retail Group B","Dammam","East","Oasis Mall","First","South","117612","67039","9405","420","651","1554","QAR","50573","-4752","122364"
"R202411-3-03","2024-11-01","2024","2024-11","2024-Q4","Linen House","U303","Fashion","Retail Group C","Dammam","East","Oasis Mall","Second","East","99144","56512","7695","354","637","1416","QAR","42632","-972","100116"
"R202411-3-04","2024-11-01","2024","2024-11","2024-Q4","Tech Hub","U304","Electronics","Retail Group A","Dammam","East","Oasis Mall","Ground","West","254016","180351","20520","267","347","1148","QAR","73665","-12960","266976"
"R202411-3-05","2024-11-01","2024","2024-11","2024-Q4","Digital World","U305","Electronics","Retail Group B","Dammam","East","Oasis Mall","First","North","218160","154894","17100","230","357","782","QAR","63266","-4320","222480"
"R202411-3-06","2024-11-01","2024","2024-11","2024-Q4","Smart Corner","U306","Electronics","Retail Group C","Dammam","East","Oasis Mall","Second","South","178092","126445","14535","187","337","692","QAR","51647","-11016","189108"
"R202411-3-07","2024-11-01","2024","2024-11","2024-Q4","Fresh Table","U307","Food and Beverage","Retail Group A","Dammam","East","Oasis Mall","Ground","East","108000","42120","8550","1662","2161","6648","QAR","65880","-3240","111240"
"R202411-3-08","2024-11-01","2024","2024-11","2024-Q4","Bean Street","U308","Food and Beverage","Retail Group B","Dammam","East","Oasis Mall","First","West","83430","32538","6413","1284","1990","5521","QAR","50892","0","83430"
"R202411-3-09","2024-11-01","2024","2024-11","2024-Q4","Sweet Spot","U309","Food and Beverage","Retail Group C","Dammam","East","Oasis Mall","Second","North","64152","25019","5130","987","1777","3356","QAR","39133","-2592","66744"
"R202411-3-10","2024-11-01","2024","2024-11","2024-Q4","Home Living","U310","Home and Lifestyle","Retail Group A","Dammam","East","Oasis Mall","Ground","South","159732","95839","12398","380","494","1406","QAR","63893","-1566","161298"
"R202411-3-11","2024-11-01","2024","2024-11","2024-Q4","Comfort Store","U311","Home and Lifestyle","Retail Group B","Dammam","East","Oasis Mall","First","East","132300","79380","10688","315","488","1260","QAR","52920","-6750","139050"
"R202411-3-12","2024-11-01","2024","2024-11","2024-Q4","Decor Lane","U312","Home and Lifestyle","Retail Group C","Dammam","East","Oasis Mall","Second","West","103626","62176","8123","247","445","1062","QAR","41450","-2052","105678"
"R202412-1-01","2024-12-01","2024","2024-12","2024-Q4","Nova Fashion","U101","Fashion","Retail Group A","Riyadh","Central","Palm Mall","Ground","North","206856","117908","14820","739","961","2513","QAR","88948","-2028","208884"
"R202412-1-02","2024-12-01","2024","2024-12","2024-Q4","Urban Style","U102","Fashion","Retail Group B","Riyadh","Central","Palm Mall","First","South","168168","95856","12540","601","932","2224","QAR","72312","-8580","176748"
"R202412-1-03","2024-12-01","2024","2024-12","2024-Q4","Linen House","U103","Fashion","Retail Group C","Riyadh","Central","Palm Mall","Second","East","141804","80828","10260","506","911","2024","QAR","60976","-2808","144612"
"R202412-1-04","2024-12-01","2024","2024-12","2024-Q4","Tech Hub","U104","Electronics","Retail Group A","Riyadh","Central","Palm Mall","Ground","West","363168","257849","27360","382","497","1643","QAR","105319","-22464","385632"
"R202412-1-05","2024-12-01","2024","2024-12","2024-Q4","Digital World","U105","Electronics","Retail Group B","Riyadh","Central","Palm Mall","First","North","312000","221520","22800","328","508","1115","QAR","90480","-9360","321360"
"R202412-1-06","2024-12-01","2024","2024-12","2024-Q4","Smart Corner","U106","Electronics","Retail Group C","Riyadh","Central","Palm Mall","Second","South","273156","193941","19380","288","518","1066","QAR","79215","0","273156"
"R202412-1-07","2024-12-01","2024","2024-12","2024-Q4","Fresh Table","U107","Food and Beverage","Retail Group A","Riyadh","Central","Palm Mall","Ground","East","154440","60232","11400","2376","3089","9504","QAR","94208","-6240","160680"
"R202412-1-08","2024-12-01","2024","2024-12","2024-Q4","Bean Street","U108","Food and Beverage","Retail Group B","Riyadh","Central","Palm Mall","First","West","119340","46543","8550","1836","2846","7895","QAR","72797","-1170","120510"
"R202412-1-09","2024-12-01","2024","2024-12","2024-Q4","Sweet Spot","U109","Food and Beverage","Retail Group C","Riyadh","Central","Palm Mall","Second","North","91728","35774","6840","1411","2540","4797","QAR","55954","-4680","96408"
"R202412-1-10","2024-12-01","2024","2024-12","2024-Q4","Home Living","U110","Home and Lifestyle","Retail Group A","Riyadh","Central","Palm Mall","Ground","South","228462","137077","16530","544","707","2013","QAR","91385","-4524","232986"
"R202412-1-11","2024-12-01","2024","2024-12","2024-Q4","Comfort Store","U111","Home and Lifestyle","Retail Group B","Riyadh","Central","Palm Mall","First","East","189150","113490","14250","450","698","1800","QAR","75660","-11700","200850"
"R202412-1-12","2024-12-01","2024","2024-12","2024-Q4","Decor Lane","U112","Home and Lifestyle","Retail Group C","Riyadh","Central","Palm Mall","Second","West","148200","88920","10830","353","635","1518","QAR","59280","-4446","152646"
"R202412-2-01","2024-12-01","2024","2024-12","2024-Q4","Nova Fashion","U201","Fashion","Retail Group A","Jeddah","West","Coast Mall","Ground","North","182774","104181","12968","653","849","2220","QAR","78593","0","182774"
"R202412-2-02","2024-12-01","2024","2024-12","2024-Q4","Urban Style","U202","Fashion","Retail Group B","Jeddah","West","Coast Mall","First","South","148649","84730","10973","531","823","1965","QAR","63919","-6006","154655"
"R202412-2-03","2024-12-01","2024","2024-12","2024-Q4","Linen House","U203","Fashion","Retail Group C","Jeddah","West","Coast Mall","Second","East","125307","71425","8978","448","806","1792","QAR","53882","-1229","126536"
"R202412-2-04","2024-12-01","2024","2024-12","2024-Q4","Tech Hub","U204","Electronics","Retail Group A","Jeddah","West","Coast Mall","Ground","West","321048","227944","23940","338","439","1453","QAR","93104","-16380","337428"
"R202412-2-05","2024-12-01","2024","2024-12","2024-Q4","Digital World","U205","Electronics","Retail Group B","Jeddah","West","Coast Mall","First","North","275730","195768","19950","290","450","986","QAR","79962","-5460","281190"
"R202412-2-06","2024-12-01","2024","2024-12","2024-Q4","Smart Corner","U206","Electronics","Retail Group C","Jeddah","West","Coast Mall","Second","South","225089","159813","16958","237","427","877","QAR","65276","-13923","239012"
"R202412-2-07","2024-12-01","2024","2024-12","2024-Q4","Fresh Table","U207","Food and Beverage","Retail Group A","Jeddah","West","Coast Mall","Ground","East","136500","53235","9975","2100","2730","8400","QAR","83265","-4095","140595"
"R202412-2-08","2024-12-01","2024","2024-12","2024-Q4","Bean Street","U208","Food and Beverage","Retail Group B","Jeddah","West","Coast Mall","First","West","105446","41124","7481","1622","2514","6975","QAR","64322","0","105446"
"R202412-2-09","2024-12-01","2024","2024-12","2024-Q4","Sweet Spot","U209","Food and Beverage","Retail Group C","Jeddah","West","Coast Mall","Second","North","81081","31622","5985","1247","2245","4240","QAR","49459","-3276","84357"
"R202412-2-10","2024-12-01","2024","2024-12","2024-Q4","Home Living","U210","Home and Lifestyle","Retail Group A","Jeddah","West","Coast Mall","Ground","South","201884","121130","14464","481","625","1780","QAR","80754","-1979","203863"
"R202412-2-11","2024-12-01","2024","2024-12","2024-Q4","Comfort Store","U211","Home and Lifestyle","Retail Group B","Jeddah","West","Coast Mall","First","East","167213","100328","12469","398","617","1592","QAR","66885","-8531","175744"
"R202412-2-12","2024-12-01","2024","2024-12","2024-Q4","Decor Lane","U212","Home and Lifestyle","Retail Group C","Jeddah","West","Coast Mall","Second","West","130972","78583","9476","312","562","1342","QAR","52389","-2593","133565"
"R202412-3-01","2024-12-01","2024","2024-12","2024-Q4","Nova Fashion","U301","Fashion","Retail Group A","Dammam","East","Oasis Mall","Ground","North","147537","84096","11115","527","685","1792","QAR","63441","-9126","156663"
"R202412-3-02","2024-12-01","2024","2024-12","2024-Q4","Urban Style","U302","Fashion","Retail Group B","Dammam","East","Oasis Mall","First","South","128700","73359","9405","460","713","1702","QAR","55341","-3861","132561"
"R202412-3-03","2024-12-01","2024","2024-12","2024-Q4","Linen House","U303","Fashion","Retail Group C","Dammam","East","Oasis Mall","Second","East","108459","61822","7695","387","697","1548","QAR","46637","0","108459"
"R202412-3-04","2024-12-01","2024","2024-12","2024-Q4","Tech Hub","U304","Electronics","Retail Group A","Dammam","East","Oasis Mall","Ground","West","277992","197374","20520","293","381","1260","QAR","80618","-11232","289224"
"R202412-3-05","2024-12-01","2024","2024-12","2024-Q4","Digital World","U305","Electronics","Retail Group B","Dammam","East","Oasis Mall","First","North","238680","169463","17100","251","389","853","QAR","69217","-2340","241020"
"R202412-3-06","2024-12-01","2024","2024-12","2024-Q4","Smart Corner","U306","Electronics","Retail Group C","Dammam","East","Oasis Mall","Second","South","194922","138395","14535","205","369","759","QAR","56527","-9945","204867"
"R202412-3-07","2024-12-01","2024","2024-12","2024-Q4","Fresh Table","U307","Food and Beverage","Retail Group A","Dammam","East","Oasis Mall","Ground","East","118170","46086","8550","1818","2363","7272","QAR","72084","-2340","120510"
"R202412-3-08","2024-12-01","2024","2024-12","2024-Q4","Bean Street","U308","Food and Beverage","Retail Group B","Dammam","East","Oasis Mall","First","West","85118","33196","6413","1310","2031","5633","QAR","51922","-5265","90383"
"R202412-3-09","2024-12-01","2024","2024-12","2024-Q4","Sweet Spot","U309","Food and Beverage","Retail Group C","Dammam","East","Oasis Mall","Second","North","70200","27378","5130","1080","1944","3672","QAR","42822","-2106","72306"
"R202412-3-10","2024-12-01","2024","2024-12","2024-Q4","Home Living","U310","Home and Lifestyle","Retail Group A","Dammam","East","Oasis Mall","Ground","South","174740","104844","12398","416","541","1539","QAR","69896","0","174740"
"R202412-3-11","2024-12-01","2024","2024-12","2024-Q4","Comfort Store","U311","Home and Lifestyle","Retail Group B","Dammam","East","Oasis Mall","First","East","144788","86873","10688","345","535","1380","QAR","57915","-5850","150638"
"R202412-3-12","2024-12-01","2024","2024-12","2024-Q4","Decor Lane","U312","Home and Lifestyle","Retail Group C","Dammam","East","Oasis Mall","Second","West","113373","68024","8123","270","486","1161","QAR","45349","-1112","114485"
"R202501-1-01","2025-01-01","2025","2025-01","2025-Q1","Nova Fashion","U101","Fashion","Retail Group A","Riyadh","Central","Palm Mall","Ground","North","140405","80031","14820","501","651","1703","QAR","60374","-7982","148387"
"R202501-1-02","2025-01-01","2025","2025-01","2025-Q1","Urban Style","U102","Fashion","Retail Group B","Riyadh","Central","Palm Mall","First","South","122441","69791","12540","437","677","1617","QAR","52650","-3117","125558"
"R202501-1-03","2025-01-01","2025","2025-01","2025-Q1","Linen House","U103","Fashion","Retail Group C","Riyadh","Central","Palm Mall","Second","East","96212","54841","10260","344","619","1376","QAR","41371","-6518","102730"
"R202501-1-04","2025-01-01","2025","2025-01","2025-Q1","Tech Hub","U104","Electronics","Retail Group A","Riyadh","Central","Palm Mall","Ground","West","264499","187794","27360","278","361","1195","QAR","76705","-9447","273946"
"R202501-1-05","2025-01-01","2025","2025-01","2025-Q1","Digital World","U105","Electronics","Retail Group B","Riyadh","Central","Palm Mall","First","North","227028","161190","22800","239","370","813","QAR","65838","-1260","228288"
"R202501-1-06","2025-01-01","2025","2025-01","2025-Q1","Smart Corner","U106","Electronics","Retail Group C","Riyadh","Central","Palm Mall","Second","South","185480","131691","19380","195","351","722","QAR","53789","-8565","194045"
"R202501-1-07","2025-01-01","2025","2025-01","2025-Q1","Fresh Table","U107","Food and Beverage","Retail Group A","Riyadh","Central","Palm Mall","Ground","East","112412","43841","11400","1729","2248","6916","QAR","68571","-1732","114144"
"R202501-1-08","2025-01-01","2025","2025-01","2025-Q1","Bean Street","U108","Food and Beverage","Retail Group B","Riyadh","Central","Palm Mall","First","West","81003","31591","8550","1246","1931","5358","QAR","49412","-4605","85608"
"R202501-1-09","2025-01-01","2025","2025-01","2025-Q1","Sweet Spot","U109","Food and Beverage","Retail Group C","Riyadh","Central","Palm Mall","Second","North","66786","26047","6840","1027","1849","3492","QAR","40739","-1700","68486"
"R202501-1-10","2025-01-01","2025","2025-01","2025-Q1","Home Living","U110","Home and Lifestyle","Retail Group A","Riyadh","Central","Palm Mall","Ground","South","155008","93005","16530","369","480","1365","QAR","62003","-10501","165509"
"R202501-1-11","2025-01-01","2025","2025-01","2025-Q1","Comfort Store","U111","Home and Lifestyle","Retail Group B","Riyadh","Central","Palm Mall","First","East","137760","82656","14250","328","508","1312","QAR","55104","-4920","142680"
"R202501-1-12","2025-01-01","2025","2025-01","2025-Q1","Decor Lane","U112","Home and Lifestyle","Retail Group C","Riyadh","Central","Palm Mall","Second","West","107839","64703","10830","257","463","1105","QAR","43136","-598","108437"
"R202501-2-01","2025-01-01","2025","2025-01","2025-Q1","Nova Fashion","U201","Fashion","Retail Group A","Jeddah","West","Coast Mall","Ground","North","124108","70742","12968","443","576","1506","QAR","53366","-5731","129839"
"R202501-2-02","2025-01-01","2025","2025-01","2025-Q1","Urban Style","U202","Fashion","Retail Group B","Jeddah","West","Coast Mall","First","South","108197","61672","10973","386","598","1428","QAR","46525","-1667","109864"
"R202501-2-03","2025-01-01","2025","2025-01","2025-Q1","Linen House","U203","Fashion","Retail Group C","Jeddah","West","Coast Mall","Second","East","85053","48480","8978","304","547","1216","QAR","36573","-4835","89888"
"R202501-2-04","2025-01-01","2025","2025-01","2025-Q1","Tech Hub","U204","Electronics","Retail Group A","Jeddah","West","Coast Mall","Ground","West","233751","165963","23940","246","320","1058","QAR","67788","-5951","239702"
"R202501-2-05","2025-01-01","2025","2025-01","2025-Q1","Digital World","U205","Electronics","Retail Group B","Jeddah","West","Coast Mall","First","North","187078","132825","19950","197","305","670","QAR","54253","-12674","199752"
"R202501-2-06","2025-01-01","2025","2025-01","2025-Q1","Smart Corner","U206","Electronics","Retail Group C","Jeddah","West","Coast Mall","Second","South","163934","116393","16958","173","311","640","QAR","47541","-5855","169789"
"R202501-2-07","2025-01-01","2025","2025-01","2025-Q1","Fresh Table","U207","Food and Beverage","Retail Group A","Jeddah","West","Coast Mall","Ground","East","99325","38737","9975","1528","1986","6112","QAR","60588","-551","99876"
"R202501-2-08","2025-01-01","2025","2025-01","2025-Q1","Bean Street","U208","Food and Beverage","Retail Group B","Jeddah","West","Coast Mall","First","West","71601","27924","7481","1102","1708","4739","QAR","43677","-3306","74907"
"R202501-2-09","2025-01-01","2025","2025-01","2025-Q1","Sweet Spot","U209","Food and Beverage","Retail Group C","Jeddah","West","Coast Mall","Second","North","59016","23016","5985","908","1634","3087","QAR","36000","-910","59926"
"R202501-2-10","2025-01-01","2025","2025-01","2025-Q1","Home Living","U210","Home and Lifestyle","Retail Group A","Jeddah","West","Coast Mall","Ground","South","137030","82218","14464","326","424","1206","QAR","54812","-7790","144820"
"R202501-2-11","2025-01-01","2025","2025-01","2025-Q1","Comfort Store","U211","Home and Lifestyle","Retail Group B","Jeddah","West","Coast Mall","First","East","121745","73047","12469","290","450","1160","QAR","48698","-3100","124845"
"R202501-2-12","2025-01-01","2025","2025-01","2025-Q1","Decor Lane","U212","Home and Lifestyle","Retail Group C","Jeddah","West","Coast Mall","Second","West","88862","53317","9476","212","382","912","QAR","35545","-6020","94882"
"R202501-3-01","2025-01-01","2025","2025-01","2025-Q1","Nova Fashion","U301","Fashion","Retail Group A","Dammam","East","Oasis Mall","Ground","North","107453","61248","11115","384","499","1306","QAR","46205","-3837","111290"
"R202501-3-02","2025-01-01","2025","2025-01","2025-Q1","Urban Style","U302","Fashion","Retail Group B","Dammam","East","Oasis Mall","First","South","93649","53380","9405","334","518","1236","QAR","40269","-520","94169"
"R202501-3-03","2025-01-01","2025","2025-01","2025-Q1","Linen House","U303","Fashion","Retail Group C","Dammam","East","Oasis Mall","Second","East","73646","41978","7695","263","473","1052","QAR","31668","-3401","77047"
"R202501-3-04","2025-01-01","2025","2025-01","2025-Q1","Tech Hub","U304","Electronics","Retail Group A","Dammam","East","Oasis Mall","Ground","West","202342","143663","20520","213","277","916","QAR","58679","-3117","205459"
"R202501-3-05","2025-01-01","2025","2025-01","2025-Q1","Digital World","U305","Electronics","Retail Group B","Dammam","East","Oasis Mall","First","North","162006","115024","17100","171","265","581","QAR","46982","-9210","171216"
"R202501-3-06","2025-01-01","2025","2025-01","2025-Q1","Smart Corner","U306","Electronics","Retail Group C","Dammam","East","Oasis Mall","Second","South","141920","100763","14535","149","268","551","QAR","41157","-3614","145534"
"R202501-3-07","2025-01-01","2025","2025-01","2025-Q1","Fresh Table","U307","Food and Beverage","Retail Group A","Dammam","East","Oasis Mall","Ground","East","80176","31269","8550","1233","1603","4932","QAR","48907","-5432","85608"
"R202501-3-08","2025-01-01","2025","2025-01","2025-Q1","Bean Street","U308","Food and Beverage","Retail Group B","Dammam","East","Oasis Mall","First","West","61992","24177","6413","954","1479","4102","QAR","37815","-2214","64206"
"R202501-3-09","2025-01-01","2025","2025-01","2025-Q1","Sweet Spot","U309","Food and Beverage","Retail Group C","Dammam","East","Oasis Mall","Second","North","51081","19922","5130","786","1415","2672","QAR","31159","-284","51365"
"R202501-3-10","2025-01-01","2025","2025-01","2025-Q1","Home Living","U310","Home and Lifestyle","Retail Group A","Dammam","East","Oasis Mall","Ground","South","118653","71192","12398","283","368","1047","QAR","47461","-5479","124132"
"R202501-3-11","2025-01-01","2025","2025-01","2025-Q1","Comfort Store","U311","Home and Lifestyle","Retail Group B","Dammam","East","Oasis Mall","First","East","105386","63232","10688","251","389","1004","QAR","42154","-1624","107010"
"R202501-3-12","2025-01-01","2025","2025-01","2025-Q1","Decor Lane","U312","Home and Lifestyle","Retail Group C","Dammam","East","Oasis Mall","Second","West","76953","46172","8123","183","329","787","QAR","30781","-4375","81328"
"R202502-1-01","2025-02-01","2025","2025-02","2025-Q1","Nova Fashion","U101","Fashion","Retail Group A","Riyadh","Central","Palm Mall","Ground","North","148757","84791","14820","531","690","1805","QAR","63966","-6869","155626"
"R202502-1-02","2025-02-01","2025","2025-02","2025-Q1","Urban Style","U102","Fashion","Retail Group B","Riyadh","Central","Palm Mall","First","South","129685","73920","12540","463","718","1713","QAR","55765","-1998","131683"
"R202502-1-03","2025-02-01","2025","2025-02","2025-Q1","Linen House","U103","Fashion","Retail Group C","Riyadh","Central","Palm Mall","Second","East","101945","58109","10260","364","655","1456","QAR","43836","-5796","107741"
"R202502-1-04","2025-02-01","2025","2025-02","2025-Q1","Tech Hub","U104","Electronics","Retail Group A","Riyadh","Central","Palm Mall","Ground","West","280176","198925","27360","295","384","1269","QAR","81251","-7133","287309"
"R202502-1-05","2025-02-01","2025","2025-02","2025-Q1","Digital World","U105","Electronics","Retail Group B","Riyadh","Central","Palm Mall","First","North","224233","159205","22800","236","366","802","QAR","65028","-15191","239424"
"R202502-1-06","2025-02-01","2025","2025-02","2025-Q1","Smart Corner","U106","Electronics","Retail Group C","Riyadh","Central","Palm Mall","Second","South","196493","139510","19380","207","373","766","QAR","56983","-7017","203510"
"R202502-1-07","2025-02-01","2025","2025-02","2025-Q1","Fresh Table","U107","Food and Beverage","Retail Group A","Riyadh","Central","Palm Mall","Ground","East","119052","46430","11400","1832","2382","7328","QAR","72622","-660","119712"
"R202502-1-08","2025-02-01","2025","2025-02","2025-Q1","Bean Street","U108","Food and Beverage","Retail Group B","Riyadh","Central","Palm Mall","First","West","85821","33470","8550","1320","2046","5676","QAR","52351","-3963","89784"
"R202502-1-09","2025-02-01","2025","2025-02","2025-Q1","Sweet Spot","U109","Food and Beverage","Retail Group C","Riyadh","Central","Palm Mall","Second","North","70737","27587","6840","1088","1958","3699","QAR","43150","-1090","71827"
"R202502-1-10","2025-02-01","2025","2025-02","2025-Q1","Home Living","U110","Home and Lifestyle","Retail Group A","Riyadh","Central","Palm Mall","Ground","South","164245","98547","16530","391","508","1447","QAR","65698","-9337","173582"
"R202502-1-11","2025-02-01","2025","2025-02","2025-Q1","Comfort Store","U111","Home and Lifestyle","Retail Group B","Riyadh","Central","Palm Mall","First","East","145925","87555","14250","347","538","1388","QAR","58370","-3715","149640"
"R202502-1-12","2025-02-01","2025","2025-02","2025-Q1","Decor Lane","U112","Home and Lifestyle","Retail Group C","Riyadh","Central","Palm Mall","Second","West","106511","63907","10830","254","457","1092","QAR","42604","-7215","113726"
"R202502-2-01","2025-02-01","2025","2025-02","2025-Q1","Nova Fashion","U201","Fashion","Retail Group A","Jeddah","West","Coast Mall","Ground","North","131477","74942","12968","470","611","1598","QAR","56535","-4695","136172"
"R202502-2-02","2025-02-01","2025","2025-02","2025-Q1","Urban Style","U202","Fashion","Retail Group B","Jeddah","West","Coast Mall","First","South","114587","65315","10973","409","634","1513","QAR","49272","-636","115223"
"R202502-2-03","2025-02-01","2025","2025-02","2025-Q1","Linen House","U203","Fashion","Retail Group C","Jeddah","West","Coast Mall","Second","East","90112","51364","8978","322","580","1288","QAR","38748","-4161","94273"
"R202502-2-04","2025-02-01","2025","2025-02","2025-Q1","Tech Hub","U204","Electronics","Retail Group A","Jeddah","West","Coast Mall","Ground","West","247581","175783","23940","261","339","1122","QAR","71798","-3814","251395"
"R202502-2-05","2025-02-01","2025","2025-02","2025-Q1","Digital World","U205","Electronics","Retail Group B","Jeddah","West","Coast Mall","First","North","198227","140741","19950","209","324","711","QAR","57486","-11269","209496"
"R202502-2-06","2025-02-01","2025","2025-02","2025-Q1","Smart Corner","U206","Electronics","Retail Group C","Jeddah","West","Coast Mall","Second","South","173651","123292","16958","183","329","677","QAR","50359","-4421","178072"
"R202502-2-07","2025-02-01","2025","2025-02","2025-Q1","Fresh Table","U207","Food and Beverage","Retail Group A","Jeddah","West","Coast Mall","Ground","East","98102","38260","9975","1509","1962","6036","QAR","59842","-6646","104748"
"R202502-2-08","2025-02-01","2025","2025-02","2025-Q1","Bean Street","U208","Food and Beverage","Retail Group B","Jeddah","West","Coast Mall","First","West","75852","29582","7481","1167","1809","5018","QAR","46270","-2709","78561"
"R202502-2-09","2025-02-01","2025","2025-02","2025-Q1","Sweet Spot","U209","Food and Beverage","Retail Group C","Jeddah","West","Coast Mall","Second","North","62502","24376","5985","962","1732","3271","QAR","38126","-347","62849"
"R202502-2-10","2025-02-01","2025","2025-02","2025-Q1","Home Living","U210","Home and Lifestyle","Retail Group A","Jeddah","West","Coast Mall","Ground","South","145181","87109","14464","346","450","1280","QAR","58072","-6704","151885"
"R202502-2-11","2025-02-01","2025","2025-02","2025-Q1","Comfort Store","U211","Home and Lifestyle","Retail Group B","Jeddah","West","Coast Mall","First","East","128948","77369","12469","307","476","1228","QAR","51579","-1987","130935"
"R202502-2-12","2025-02-01","2025","2025-02","2025-Q1","Decor Lane","U212","Home and Lifestyle","Retail Group C","Jeddah","West","Coast Mall","Second","West","94158","56495","9476","224","403","963","QAR","37663","-5353","99511"
"R202502-3-01","2025-02-01","2025","2025-02","2025-Q1","Nova Fashion","U301","Fashion","Retail Group A","Dammam","East","Oasis Mall","Ground","North","113821","64878","11115","407","529","1384","QAR","48943","-2898","116719"
"R202502-3-02","2025-02-01","2025","2025-02","2025-Q1","Urban Style","U302","Fashion","Retail Group B","Dammam","East","Oasis Mall","First","South","92496","52723","9405","330","512","1221","QAR","39773","-6266","98762"
"R202502-3-03","2025-02-01","2025","2025-02","2025-Q1","Linen House","U303","Fashion","Retail Group C","Dammam","East","Oasis Mall","Second","East","78019","44471","7695","279","502","1116","QAR","33548","-2787","80806"
"R202502-3-04","2025-02-01","2025","2025-02","2025-Q1","Tech Hub","U304","Electronics","Retail Group A","Dammam","East","Oasis Mall","Ground","West","214293","152148","20520","226","294","972","QAR","62145","-1189","215482"
"R202502-3-05","2025-02-01","2025","2025-02","2025-Q1","Digital World","U305","Electronics","Retail Group B","Dammam","East","Oasis Mall","First","North","171642","121866","17100","181","281","615","QAR","49776","-7926","179568"
"R202502-3-06","2025-02-01","2025","2025-02","2025-Q1","Smart Corner","U306","Electronics","Retail Group C","Dammam","East","Oasis Mall","Second","South","150317","106725","14535","158","284","585","QAR","43592","-2316","152633"
"R202502-3-07","2025-02-01","2025","2025-02","2025-Q1","Fresh Table","U307","Food and Beverage","Retail Group A","Dammam","East","Oasis Mall","Ground","East","84954","33132","8550","1307","1699","5228","QAR","51822","-4830","89784"
"R202502-3-08","2025-02-01","2025","2025-02","2025-Q1","Bean Street","U308","Food and Beverage","Retail Group B","Dammam","East","Oasis Mall","First","West","65666","25610","6413","1010","1566","4343","QAR","40056","-1672","67338"
"R202502-3-09","2025-02-01","2025","2025-02","2025-Q1","Sweet Spot","U309","Food and Beverage","Retail Group C","Dammam","East","Oasis Mall","Second","North","50452","19676","5130","776","1397","2638","QAR","30776","-3418","53870"
"R202502-3-10","2025-02-01","2025","2025-02","2025-Q1","Home Living","U310","Home and Lifestyle","Retail Group A","Dammam","East","Oasis Mall","Ground","South","125698","75419","12398","299","389","1106","QAR","50279","-4489","130187"
"R202502-3-11","2025-02-01","2025","2025-02","2025-Q1","Comfort Store","U311","Home and Lifestyle","Retail Group B","Dammam","East","Oasis Mall","First","East","111611","66967","10688","266","412","1064","QAR","44644","-619","112230"
"R202502-3-12","2025-02-01","2025","2025-02","2025-Q1","Decor Lane","U312","Home and Lifestyle","Retail Group C","Dammam","East","Oasis Mall","Second","West","81530","48918","8123","194","349","834","QAR","32612","-3765","85295"
"R202503-1-01","2025-03-01","2025","2025-03","2025-Q1","Nova Fashion","U101","Fashion","Retail Group A","Riyadh","Central","Palm Mall","Ground","North","188698","107558","14820","674","876","2292","QAR","81140","-6739","195437"
"R202503-1-02","2025-03-01","2025","2025-03","2025-Q1","Urban Style","U102","Fashion","Retail Group B","Riyadh","Central","Palm Mall","First","South","164457","93740","12540","587","910","2172","QAR","70717","-913","165370"
"R202503-1-03","2025-03-01","2025","2025-03","2025-Q1","Linen House","U103","Fashion","Retail Group C","Riyadh","Central","Palm Mall","Second","East","129330","73718","10260","462","832","1848","QAR","55612","-5972","135302"
"R202503-1-04","2025-03-01","2025","2025-03","2025-Q1","Tech Hub","U104","Electronics","Retail Group A","Riyadh","Central","Palm Mall","Ground","West","355332","252286","27360","374","486","1608","QAR","103046","-5474","360806"
"R202503-1-05","2025-03-01","2025","2025-03","2025-Q1","Digital World","U105","Electronics","Retail Group B","Riyadh","Central","Palm Mall","First","North","284498","201994","22800","299","463","1017","QAR","82504","-16174","300672"
"R202503-1-06","2025-03-01","2025","2025-03","2025-Q1","Smart Corner","U106","Electronics","Retail Group C","Riyadh","Central","Palm Mall","Second","South","249226","176950","19380","262","472","969","QAR","72276","-6345","255571"
"R202503-1-07","2025-03-01","2025","2025-03","2025-Q1","Fresh Table","U107","Food and Beverage","Retail Group A","Riyadh","Central","Palm Mall","Ground","East","140797","54911","11400","2166","2816","8664","QAR","85886","-9539","150336"
"R202503-1-08","2025-03-01","2025","2025-03","2025-Q1","Bean Street","U108","Food and Beverage","Retail Group B","Riyadh","Central","Palm Mall","First","West","108864","42457","8550","1675","2596","7203","QAR","66407","-3888","112752"
"R202503-1-09","2025-03-01","2025","2025-03","2025-Q1","Sweet Spot","U109","Food and Beverage","Retail Group C","Riyadh","Central","Palm Mall","Second","North","89704","34985","6840","1380","2484","4692","QAR","54719","-498","90202"
"R202503-1-10","2025-03-01","2025","2025-03","2025-Q1","Home Living","U110","Home and Lifestyle","Retail Group A","Riyadh","Central","Palm Mall","Ground","South","208366","125020","16530","496","645","1835","QAR","83346","-9621","217987"
"R202503-1-11","2025-03-01","2025","2025-03","2025-Q1","Comfort Store","U111","Home and Lifestyle","Retail Group B","Riyadh","Central","Palm Mall","First","East","185069","111041","14250","441","684","1764","QAR","74028","-2851","187920"
"R202503-1-12","2025-03-01","2025","2025-03","2025-Q1","Decor Lane","U112","Home and Lifestyle","Retail Group C","Riyadh","Central","Palm Mall","Second","West","135137","81082","10830","322","580","1385","QAR","54055","-7682","142819"
"R202503-2-01","2025-03-01","2025","2025-03","2025-Q1","Nova Fashion","U201","Fashion","Retail Group A","Jeddah","West","Coast Mall","Ground","North","166762","95054","12968","596","775","2026","QAR","71708","-4245","171007"
"R202503-2-02","2025-03-01","2025","2025-03","2025-Q1","Urban Style","U202","Fashion","Retail Group B","Jeddah","West","Coast Mall","First","South","135518","77245","10973","484","750","1791","QAR","58273","-9180","144698"
"R202503-2-03","2025-03-01","2025","2025-03","2025-Q1","Linen House","U203","Fashion","Retail Group C","Jeddah","West","Coast Mall","Second","East","114307","65155","8978","408","734","1632","QAR","49152","-4083","118390"
"R202503-2-04","2025-03-01","2025","2025-03","2025-Q1","Tech Hub","U204","Electronics","Retail Group A","Jeddah","West","Coast Mall","Ground","West","313964","222914","23940","330","429","1419","QAR","91050","-1742","315706"
"R202503-2-05","2025-03-01","2025","2025-03","2025-Q1","Digital World","U205","Electronics","Retail Group B","Jeddah","West","Coast Mall","First","North","251476","178548","19950","265","411","901","QAR","72928","-11612","263088"
"R202503-2-06","2025-03-01","2025","2025-03","2025-Q1","Smart Corner","U206","Electronics","Retail Group C","Jeddah","West","Coast Mall","Second","South","220232","156365","16958","232","418","858","QAR","63867","-3393","223625"
"R202503-2-07","2025-03-01","2025","2025-03","2025-Q1","Fresh Table","U207","Food and Beverage","Retail Group A","Jeddah","West","Coast Mall","Ground","East","124468","48543","9975","1915","2490","7660","QAR","75925","-7076","131544"
"R202503-2-08","2025-03-01","2025","2025-03","2025-Q1","Bean Street","U208","Food and Beverage","Retail Group B","Jeddah","West","Coast Mall","First","West","96209","37522","7481","1480","2294","6364","QAR","58687","-2449","98658"
"R202503-2-09","2025-03-01","2025","2025-03","2025-Q1","Sweet Spot","U209","Food and Beverage","Retail Group C","Jeddah","West","Coast Mall","Second","North","73919","28828","5985","1137","2047","3866","QAR","45091","-5007","78926"
"R202503-2-10","2025-03-01","2025","2025-03","2025-Q1","Home Living","U210","Home and Lifestyle","Retail Group A","Jeddah","West","Coast Mall","Ground","South","184162","110497","14464","438","569","1621","QAR","73665","-6577","190739"
"R202503-2-11","2025-03-01","2025","2025-03","2025-Q1","Comfort Store","U211","Home and Lifestyle","Retail Group B","Jeddah","West","Coast Mall","First","East","163523","98114","12469","389","603","1556","QAR","65409","-907","164430"
"R202503-2-12","2025-03-01","2025","2025-03","2025-Q1","Decor Lane","U212","Home and Lifestyle","Retail Group C","Jeddah","West","Coast Mall","Second","West","119451","71671","9476","284","511","1221","QAR","47780","-5516","124967"
"R202503-3-01","2025-03-01","2025","2025-03","2025-Q1","Nova Fashion","U301","Fashion","Retail Group A","Dammam","East","Oasis Mall","Ground","North","144354","82282","11115","516","671","1754","QAR","62072","-2224","146578"
"R202503-3-02","2025-03-01","2025","2025-03","2025-Q1","Urban Style","U302","Fashion","Retail Group B","Dammam","East","Oasis Mall","First","South","117355","66892","9405","419","649","1550","QAR","50463","-6672","124027"
"R202503-3-03","2025-03-01","2025","2025-03","2025-Q1","Linen House","U303","Fashion","Retail Group C","Dammam","East","Oasis Mall","Second","East","98957","56405","7695","353","635","1412","QAR","42552","-2520","101477"
"R202503-3-04","2025-03-01","2025","2025-03","2025-Q1","Tech Hub","U304","Electronics","Retail Group A","Dammam","East","Oasis Mall","Ground","West","253435","179939","20520","267","347","1148","QAR","73496","-17170","270605"
"R202503-3-05","2025-03-01","2025","2025-03","2025-Q1","Digital World","U305","Electronics","Retail Group B","Dammam","East","Oasis Mall","First","North","217728","154587","17100","229","355","779","QAR","63141","-7776","225504"
"R202503-3-06","2025-03-01","2025","2025-03","2025-Q1","Smart Corner","U306","Electronics","Retail Group C","Dammam","East","Oasis Mall","Second","South","190621","135341","14535","201","362","744","QAR","55280","-1057","191678"
"R202503-3-07","2025-03-01","2025","2025-03","2025-Q1","Fresh Table","U307","Food and Beverage","Retail Group A","Dammam","East","Oasis Mall","Ground","East","107775","42032","8550","1658","2155","6632","QAR","65743","-4977","112752"
"R202503-3-08","2025-03-01","2025","2025-03","2025-Q1","Bean Street","U308","Food and Beverage","Retail Group B","Dammam","East","Oasis Mall","First","West","83281","32480","6413","1281","1986","5508","QAR","50801","-1283","84564"
"R202503-3-09","2025-03-01","2025","2025-03","2025-Q1","Sweet Spot","U309","Food and Beverage","Retail Group C","Dammam","East","Oasis Mall","Second","North","64012","24965","5130","985","1773","3349","QAR","39047","-3639","67651"
"R202503-3-10","2025-03-01","2025","2025-03","2025-Q1","Home Living","U310","Home and Lifestyle","Retail Group A","Dammam","East","Oasis Mall","Ground","South","159431","95659","12398","380","494","1406","QAR","63772","-4059","163490"
"R202503-3-11","2025-03-01","2025","2025-03","2025-Q1","Comfort Store","U311","Home and Lifestyle","Retail Group B","Dammam","East","Oasis Mall","First","East","131998","79199","10688","314","487","1256","QAR","52799","-8942","140940"
"R202503-3-12","2025-03-01","2025","2025-03","2025-Q1","Decor Lane","U312","Home and Lifestyle","Retail Group C","Dammam","East","Oasis Mall","Second","West","103421","62053","8123","246","443","1058","QAR","41368","-3693","107114"
"R202504-1-01","2025-04-01","2025","2025-04","2025-Q2","Nova Fashion","U101","Fashion","Retail Group A","Riyadh","Central","Palm Mall","Ground","North","179997","102598","14820","643","836","2186","QAR","77399","-4582","184579"
"R202504-1-02","2025-04-01","2025","2025-04","2025-Q2","Urban Style","U102","Fashion","Retail Group B","Riyadh","Central","Palm Mall","First","South","146273","83376","12540","522","809","1931","QAR","62897","-9909","156182"
"R202504-1-03","2025-04-01","2025","2025-04","2025-Q2","Linen House","U103","Fashion","Retail Group C","Riyadh","Central","Palm Mall","Second","East","123379","70326","10260","441","794","1764","QAR","53053","-4407","127786"
"R202504-1-04","2025-04-01","2025","2025-04","2025-Q2","Tech Hub","U104","Electronics","Retail Group A","Riyadh","Central","Palm Mall","Ground","West","338882","240606","27360","357","464","1535","QAR","98276","-1880","340762"
"R202504-1-05","2025-04-01","2025","2025-04","2025-Q2","Digital World","U105","Electronics","Retail Group B","Riyadh","Central","Palm Mall","First","North","271434","192718","22800","286","443","972","QAR","78716","-12534","283968"
"R202504-1-06","2025-04-01","2025","2025-04","2025-Q2","Smart Corner","U106","Electronics","Retail Group C","Riyadh","Central","Palm Mall","Second","South","237711","168775","19380","250","450","925","QAR","68936","-3662","241373"
"R202504-1-07","2025-04-01","2025","2025-04","2025-Q2","Fresh Table","U107","Food and Beverage","Retail Group A","Riyadh","Central","Palm Mall","Ground","East","134346","52395","11400","2067","2687","8268","QAR","81951","-7638","141984"
"R202504-1-08","2025-04-01","2025","2025-04","2025-Q2","Bean Street","U108","Food and Beverage","Retail Group B","Riyadh","Central","Palm Mall","First","West","103844","40499","8550","1598","2477","6871","QAR","63345","-2644","106488"
"R202504-1-09","2025-04-01","2025","2025-04","2025-Q2","Sweet Spot","U109","Food and Beverage","Retail Group C","Riyadh","Central","Palm Mall","Second","North","79785","31116","6840","1227","2209","4172","QAR","48669","-5405","85190"
"R202504-1-10","2025-04-01","2025","2025-04","2025-Q2","Home Living","U110","Home and Lifestyle","Retail Group A","Riyadh","Central","Palm Mall","Ground","South","198778","119267","16530","473","615","1750","QAR","79511","-7099","205877"
"R202504-1-11","2025-04-01","2025","2025-04","2025-Q2","Comfort Store","U111","Home and Lifestyle","Retail Group B","Riyadh","Central","Palm Mall","First","East","176501","105901","14250","420","651","1680","QAR","70600","-979","177480"
"R202504-1-12","2025-04-01","2025","2025-04","2025-Q2","Decor Lane","U112","Home and Lifestyle","Retail Group C","Riyadh","Central","Palm Mall","Second","West","128931","77359","10830","307","553","1320","QAR","51572","-5954","134885"
"R202504-2-01","2025-04-01","2025","2025-04","2025-Q2","Nova Fashion","U201","Fashion","Retail Group A","Jeddah","West","Coast Mall","Ground","North","159056","90662","12968","568","738","1931","QAR","68394","-2451","161507"
"R202504-2-02","2025-04-01","2025","2025-04","2025-Q2","Urban Style","U202","Fashion","Retail Group B","Jeddah","West","Coast Mall","First","South","129308","73706","10973","462","716","1709","QAR","55602","-7352","136660"
"R202504-2-03","2025-04-01","2025","2025-04","2025-Q2","Linen House","U203","Fashion","Retail Group C","Jeddah","West","Coast Mall","Second","East","109036","62151","8978","389","700","1556","QAR","46885","-2776","111812"
"R202504-2-04","2025-04-01","2025","2025-04","2025-Q2","Tech Hub","U204","Electronics","Retail Group A","Jeddah","West","Coast Mall","Ground","West","279248","198266","23940","294","382","1264","QAR","80982","-18918","298166"
"R202504-2-05","2025-04-01","2025","2025-04","2025-Q2","Digital World","U205","Electronics","Retail Group B","Jeddah","West","Coast Mall","First","North","239904","170332","19950","253","392","860","QAR","69572","-8568","248472"
"R202504-2-06","2025-04-01","2025","2025-04","2025-Q2","Smart Corner","U206","Electronics","Retail Group C","Jeddah","West","Coast Mall","Second","South","210036","149126","16958","221","398","818","QAR","60910","-1165","211201"
"R202504-2-07","2025-04-01","2025","2025-04","2025-Q2","Fresh Table","U207","Food and Beverage","Retail Group A","Jeddah","West","Coast Mall","Ground","East","118752","46313","9975","1827","2375","7308","QAR","72439","-5484","124236"
"R202504-2-08","2025-04-01","2025","2025-04","2025-Q2","Bean Street","U208","Food and Beverage","Retail Group B","Jeddah","West","Coast Mall","First","West","91763","35788","7481","1412","2189","6072","QAR","55975","-1414","93177"
"R202504-2-09","2025-04-01","2025","2025-04","2025-Q2","Sweet Spot","U209","Food and Beverage","Retail Group C","Jeddah","West","Coast Mall","Second","North","70532","27507","5985","1085","1953","3689","QAR","43025","-4010","74542"
"R202504-2-10","2025-04-01","2025","2025-04","2025-Q2","Home Living","U210","Home and Lifestyle","Retail Group A","Jeddah","West","Coast Mall","Ground","South","175670","105402","14464","418","543","1547","QAR","70268","-4472","180142"
"R202504-2-11","2025-04-01","2025","2025-04","2025-Q2","Comfort Store","U211","Home and Lifestyle","Retail Group B","Jeddah","West","Coast Mall","First","East","145442","87265","12469","346","536","1384","QAR","58177","-9853","155295"
"R202504-2-12","2025-04-01","2025","2025-04","2025-Q2","Decor Lane","U212","Home and Lifestyle","Retail Group C","Jeddah","West","Coast Mall","Second","West","113954","68372","9476","271","488","1165","QAR","45582","-4070","118024"
"R202504-3-01","2025-04-01","2025","2025-04","2025-Q2","Nova Fashion","U301","Fashion","Retail Group A","Dammam","East","Oasis Mall","Ground","North","137671","78472","11115","492","640","1673","QAR","59199","-763","138434"
"R202504-3-02","2025-04-01","2025","2025-04","2025-Q2","Urban Style","U302","Fashion","Retail Group B","Dammam","East","Oasis Mall","First","South","111967","63821","9405","400","620","1480","QAR","48146","-5170","117137"
"R202504-3-03","2025-04-01","2025","2025-04","2025-Q2","Linen House","U303","Fashion","Retail Group C","Dammam","East","Oasis Mall","Second","East","94385","53799","7695","337","607","1348","QAR","40586","-1454","95839"
"R202504-3-04","2025-04-01","2025","2025-04","2025-Q2","Tech Hub","U304","Electronics","Retail Group A","Dammam","East","Oasis Mall","Ground","West","241823","171694","20520","255","332","1097","QAR","70129","-13748","255571"
"R202504-3-05","2025-04-01","2025","2025-04","2025-Q2","Digital World","U305","Electronics","Retail Group B","Dammam","East","Oasis Mall","First","North","207688","147458","17100","219","339","745","QAR","60230","-5288","212976"
"R202504-3-06","2025-04-01","2025","2025-04","2025-Q2","Smart Corner","U306","Electronics","Retail Group C","Dammam","East","Oasis Mall","Second","South","169544","120376","14535","178","320","659","QAR","49168","-11486","181030"
"R202504-3-07","2025-04-01","2025","2025-04","2025-Q2","Fresh Table","U307","Food and Beverage","Retail Group A","Dammam","East","Oasis Mall","Ground","East","102816","40098","8550","1582","2057","6328","QAR","62718","-3672","106488"
"R202504-3-08","2025-04-01","2025","2025-04","2025-Q2","Bean Street","U308","Food and Beverage","Retail Group B","Dammam","East","Oasis Mall","First","West","79425","30976","6413","1222","1894","5255","QAR","48449","-441","79866"
"R202504-3-09","2025-04-01","2025","2025-04","2025-Q2","Sweet Spot","U309","Food and Beverage","Retail Group C","Dammam","East","Oasis Mall","Second","North","61073","23818","5130","940","1692","3196","QAR","37255","-2820","63893"
"R202504-3-10","2025-04-01","2025","2025-04","2025-Q2","Home Living","U310","Home and Lifestyle","Retail Group A","Dammam","East","Oasis Mall","Ground","South","152065","91239","12398","362","471","1339","QAR","60826","-2343","154408"
"R202504-3-11","2025-04-01","2025","2025-04","2025-Q2","Comfort Store","U311","Home and Lifestyle","Retail Group B","Dammam","East","Oasis Mall","First","East","125950","75570","10688","300","465","1200","QAR","50380","-7160","133110"
"R202504-3-12","2025-04-01","2025","2025-04","2025-Q2","Decor Lane","U312","Home and Lifestyle","Retail Group C","Dammam","East","Oasis Mall","Second","West","98652","59191","8123","235","423","1011","QAR","39461","-2512","101164"
"R202505-1-01","2025-05-01","2025","2025-05","2025-Q2","Nova Fashion","U101","Fashion","Retail Group A","Riyadh","Central","Palm Mall","Ground","North","167522","95488","14820","598","777","2033","QAR","72034","-2580","170102"
"R202505-1-02","2025-05-01","2025","2025-05","2025-Q2","Urban Style","U102","Fashion","Retail Group B","Riyadh","Central","Palm Mall","First","South","136190","77628","12540","486","753","1798","QAR","58562","-7743","143933"
"R202505-1-03","2025-05-01","2025","2025-05","2025-Q2","Linen House","U103","Fashion","Retail Group C","Riyadh","Central","Palm Mall","Second","East","114839","65458","10260","410","738","1640","QAR","49381","-2924","117763"
"R202505-1-04","2025-05-01","2025","2025-05","2025-Q2","Tech Hub","U104","Electronics","Retail Group A","Riyadh","Central","Palm Mall","Ground","West","294110","208818","27360","310","403","1333","QAR","85292","-19925","314035"
"R202505-1-05","2025-05-01","2025","2025-05","2025-Q2","Digital World","U105","Electronics","Retail Group B","Riyadh","Central","Palm Mall","First","North","252672","179397","22800","266","412","904","QAR","73275","-9024","261696"
"R202505-1-06","2025-05-01","2025","2025-05","2025-Q2","Smart Corner","U106","Electronics","Retail Group C","Riyadh","Central","Palm Mall","Second","South","221214","157062","19380","233","419","862","QAR","64152","-1228","222442"
"R202505-1-07","2025-05-01","2025","2025-05","2025-Q2","Fresh Table","U107","Food and Beverage","Retail Group A","Riyadh","Central","Palm Mall","Ground","East","125073","48778","11400","1924","2501","7696","QAR","76295","-5775","130848"
"R202505-1-08","2025-05-01","2025","2025-05","2025-Q2","Bean Street","U108","Food and Beverage","Retail Group B","Riyadh","Central","Palm Mall","First","West","96647","37692","8550","1487","2305","6394","QAR","58955","-1489","98136"
"R202505-1-09","2025-05-01","2025","2025-05","2025-Q2","Sweet Spot","U109","Food and Beverage","Retail Group C","Riyadh","Central","Palm Mall","Second","North","74286","28972","6840","1143","2057","3886","QAR","45314","-4223","78509"
"R202505-1-10","2025-05-01","2025","2025-05","2025-Q2","Home Living","U110","Home and Lifestyle","Retail Group A","Riyadh","Central","Palm Mall","Ground","South","185019","111011","16530","441","573","1632","QAR","74008","-4711","189730"
"R202505-1-11","2025-05-01","2025","2025-05","2025-Q2","Comfort Store","U111","Home and Lifestyle","Retail Group B","Riyadh","Central","Palm Mall","First","East","153182","91909","14250","365","566","1460","QAR","61273","-10378","163560"
"R202505-1-12","2025-05-01","2025","2025-05","2025-Q2","Decor Lane","U112","Home and Lifestyle","Retail Group C","Riyadh","Central","Palm Mall","Second","West","120019","72011","10830","286","515","1230","QAR","48008","-4287","124306"
"R202505-2-01","2025-05-01","2025","2025-05","2025-Q2","Nova Fashion","U201","Fashion","Retail Group A","Jeddah","West","Coast Mall","Ground","North","148018","84370","12968","529","688","1799","QAR","63648","-822","148840"
"R202505-2-02","2025-05-01","2025","2025-05","2025-Q2","Urban Style","U202","Fashion","Retail Group B","Jeddah","West","Coast Mall","First","South","120382","68618","10973","430","667","1591","QAR","51764","-5559","125941"
"R202505-2-03","2025-05-01","2025","2025-05","2025-Q2","Linen House","U203","Fashion","Retail Group C","Jeddah","West","Coast Mall","Second","East","101479","57843","8978","362","652","1448","QAR","43636","-1564","103043"
"R202505-2-04","2025-05-01","2025","2025-05","2025-Q2","Tech Hub","U204","Electronics","Retail Group A","Jeddah","West","Coast Mall","Ground","West","259999","184599","23940","274","356","1178","QAR","75400","-14782","274781"
"R202505-2-05","2025-05-01","2025","2025-05","2025-Q2","Digital World","U205","Electronics","Retail Group B","Jeddah","West","Coast Mall","First","North","223299","158542","19950","235","364","799","QAR","64757","-5685","228984"
"R202505-2-06","2025-05-01","2025","2025-05","2025-Q2","Smart Corner","U206","Electronics","Retail Group C","Jeddah","West","Coast Mall","Second","South","182287","129424","16958","192","346","710","QAR","52863","-12349","194636"
"R202505-2-07","2025-05-01","2025","2025-05","2025-Q2","Fresh Table","U207","Food and Beverage","Retail Group A","Jeddah","West","Coast Mall","Ground","East","110544","43112","9975","1701","2211","6804","QAR","67432","-3948","114492"
"R202505-2-08","2025-05-01","2025","2025-05","2025-Q2","Bean Street","U208","Food and Beverage","Retail Group B","Jeddah","West","Coast Mall","First","West","85395","33304","7481","1314","2037","5650","QAR","52091","-474","85869"
"R202505-2-09","2025-05-01","2025","2025-05","2025-Q2","Sweet Spot","U209","Food and Beverage","Retail Group C","Jeddah","West","Coast Mall","Second","North","65663","25609","5985","1010","1818","3434","QAR","40054","-3032","68695"
"R202505-2-10","2025-05-01","2025","2025-05","2025-Q2","Home Living","U210","Home and Lifestyle","Retail Group A","Jeddah","West","Coast Mall","Ground","South","163495","98097","14464","389","506","1439","QAR","65398","-2518","166013"
"R202505-2-11","2025-05-01","2025","2025-05","2025-Q2","Comfort Store","U211","Home and Lifestyle","Retail Group B","Jeddah","West","Coast Mall","First","East","135416","81250","12469","322","499","1288","QAR","54166","-7699","143115"
"R202505-2-12","2025-05-01","2025","2025-05","2025-Q2","Decor Lane","U212","Home and Lifestyle","Retail Group C","Jeddah","West","Coast Mall","Second","West","106067","63640","9476","253","455","1088","QAR","42427","-2700","108767"
"R202505-3-01","2025-05-01","2025","2025-05","2025-Q2","Nova Fashion","U301","Fashion","Retail Group A","Dammam","East","Oasis Mall","Ground","North","119482","68105","11115","427","555","1452","QAR","51377","-8095","127577"
"R202505-3-02","2025-05-01","2025","2025-05","2025-Q2","Urban Style","U302","Fashion","Retail Group B","Dammam","East","Oasis Mall","First","South","104227","59409","9405","372","577","1376","QAR","44818","-3723","107950"
"R202505-3-03","2025-05-01","2025","2025-05","2025-Q2","Linen House","U303","Fashion","Retail Group C","Dammam","East","Oasis Mall","Second","East","87835","50066","7695","314","565","1256","QAR","37769","-487","88322"
"R202505-3-04","2025-05-01","2025","2025-05","2025-Q2","Tech Hub","U304","Electronics","Retail Group A","Dammam","East","Oasis Mall","Ground","West","225131","159843","20520","237","308","1019","QAR","65288","-10395","235526"
"R202505-3-05","2025-05-01","2025","2025-05","2025-Q2","Digital World","U305","Electronics","Retail Group B","Dammam","East","Oasis Mall","First","North","193294","137239","17100","203","315","690","QAR","56055","-2978","196272"
"R202505-3-06","2025-05-01","2025","2025-05","2025-Q2","Smart Corner","U306","Electronics","Retail Group C","Dammam","East","Oasis Mall","Second","South","157857","112078","14535","166","299","614","QAR","45779","-8974","166831"
"R202505-3-07","2025-05-01","2025","2025-05","2025-Q2","Fresh Table","U307","Food and Beverage","Retail Group A","Dammam","East","Oasis Mall","Ground","East","95700","37323","8550","1472","1914","5888","QAR","58377","-2436","98136"
"R202505-3-08","2025-05-01","2025","2025-05","2025-Q2","Bean Street","U308","Food and Beverage","Retail Group B","Dammam","East","Oasis Mall","First","West","68932","26883","6413","1060","1643","4558","QAR","42049","-4670","73602"
"R202505-3-09","2025-05-01","2025","2025-05","2025-Q2","Sweet Spot","U309","Food and Beverage","Retail Group C","Dammam","East","Oasis Mall","Second","North","56851","22172","5130","875","1575","2975","QAR","34679","-2031","58882"
"R202505-3-10","2025-05-01","2025","2025-05","2025-Q2","Home Living","U310","Home and Lifestyle","Retail Group A","Dammam","East","Oasis Mall","Ground","South","141512","84907","12398","337","438","1247","QAR","56605","-785","142297"
"R202505-3-11","2025-05-01","2025","2025-05","2025-Q2","Comfort Store","U311","Home and Lifestyle","Retail Group B","Dammam","East","Oasis Mall","First","East","117256","70354","10688","279","432","1116","QAR","46902","-5414","122670"
"R202505-3-12","2025-05-01","2025","2025-05","2025-Q2","Decor Lane","U312","Home and Lifestyle","Retail Group C","Dammam","East","Oasis Mall","Second","West","91815","55089","8123","219","394","942","QAR","36726","-1414","93229"
"R202506-1-01","2025-06-01","2025","2025-06","2025-Q2","Nova Fashion","U101","Fashion","Retail Group A","Riyadh","Central","Palm Mall","Ground","North","161965","92320","14820","578","751","1965","QAR","69645","-899","162864"
"R202506-1-02","2025-06-01","2025","2025-06","2025-Q2","Urban Style","U102","Fashion","Retail Group B","Riyadh","Central","Palm Mall","First","South","131725","75083","12540","470","729","1739","QAR","56642","-6083","137808"
"R202506-1-03","2025-06-01","2025","2025-06","2025-Q2","Linen House","U103","Fashion","Retail Group C","Riyadh","Central","Palm Mall","Second","East","111041","63293","10260","397","715","1588","QAR","47748","-1711","112752"
"R202506-1-04","2025-06-01","2025","2025-06","2025-Q2","Tech Hub","U104","Electronics","Retail Group A","Riyadh","Central","Palm Mall","Ground","West","284498","201994","27360","299","389","1286","QAR","82504","-16174","300672"
"R202506-1-05","2025-06-01","2025","2025-06","2025-Q2","Digital World","U105","Electronics","Retail Group B","Riyadh","Central","Palm Mall","First","North","244339","173481","22800","257","398","874","QAR","70858","-6221","250560"
"R202506-1-06","2025-06-01","2025","2025-06","2025-Q2","Smart Corner","U106","Electronics","Retail Group C","Riyadh","Central","Palm Mall","Second","South","199463","141619","19380","210","378","777","QAR","57844","-13513","212976"
"R202506-1-07","2025-06-01","2025","2025-06","2025-Q2","Fresh Table","U107","Food and Beverage","Retail Group A","Riyadh","Central","Palm Mall","Ground","East","120960","47174","11400","1861","2419","7444","QAR","73786","-4320","125280"
"R202506-1-08","2025-06-01","2025","2025-06","2025-Q2","Bean Street","U108","Food and Beverage","Retail Group B","Riyadh","Central","Palm Mall","First","West","93442","36442","8550","1438","2229","6183","QAR","57000","-518","93960"
"R202506-1-09","2025-06-01","2025","2025-06","2025-Q2","Sweet Spot","U109","Food and Beverage","Retail Group C","Riyadh","Central","Palm Mall","Second","North","71850","28022","6840","1105","1989","3757","QAR","43828","-3318","75168"
"R202506-1-10","2025-06-01","2025","2025-06","2025-Q2","Home Living","U110","Home and Lifestyle","Retail Group A","Riyadh","Central","Palm Mall","Ground","South","178900","107340","16530","426","554","1576","QAR","71560","-2756","181656"
"R202506-1-11","2025-06-01","2025","2025-06","2025-Q2","Comfort Store","U111","Home and Lifestyle","Retail Group B","Riyadh","Central","Palm Mall","First","East","148176","88906","14250","353","547","1412","QAR","59270","-8424","156600"
"R202506-1-12","2025-06-01","2025","2025-06","2025-Q2","Decor Lane","U112","Home and Lifestyle","Retail Group C","Riyadh","Central","Palm Mall","Second","West","116061","69637","10830","276","497","1187","QAR","46424","-2955","119016"
"R202506-2-01","2025-06-01","2025","2025-06","2025-Q2","Nova Fashion","U201","Fashion","Retail Group A","Jeddah","West","Coast Mall","Ground","North","133464","76074","12968","477","620","1622","QAR","57390","-9042","142506"
"R202506-2-02","2025-06-01","2025","2025-06","2025-Q2","Urban Style","U202","Fashion","Retail Group B","Jeddah","West","Coast Mall","First","South","116424","66362","10973","416","645","1539","QAR","50062","-4158","120582"
"R202506-2-03","2025-06-01","2025","2025-06","2025-Q2","Linen House","U203","Fashion","Retail Group C","Jeddah","West","Coast Mall","Second","East","98114","55925","8978","350","630","1400","QAR","42189","-544","98658"
"R202506-2-04","2025-06-01","2025","2025-06","2025-Q2","Tech Hub","U204","Electronics","Retail Group A","Jeddah","West","Coast Mall","Ground","West","251476","178548","23940","265","345","1140","QAR","72928","-11612","263088"
"R202506-2-05","2025-06-01","2025","2025-06","2025-Q2","Digital World","U205","Electronics","Retail Group B","Jeddah","West","Coast Mall","First","North","215914","153299","19950","227","352","772","QAR","62615","-3326","219240"
"R202506-2-06","2025-06-01","2025","2025-06","2025-Q2","Smart Corner","U206","Electronics","Retail Group C","Jeddah","West","Coast Mall","Second","South","176329","125194","16958","186","335","688","QAR","51135","-10025","186354"
"R202506-2-07","2025-06-01","2025","2025-06","2025-Q2","Fresh Table","U207","Food and Beverage","Retail Group A","Jeddah","West","Coast Mall","Ground","East","106898","41690","9975","1645","2139","6580","QAR","65208","-2722","109620"
"R202506-2-08","2025-06-01","2025","2025-06","2025-Q2","Bean Street","U208","Food and Beverage","Retail Group B","Jeddah","West","Coast Mall","First","West","76999","30030","7481","1185","1837","5096","QAR","46969","-5216","82215"
"R202506-2-09","2025-06-01","2025","2025-06","2025-Q2","Sweet Spot","U209","Food and Beverage","Retail Group C","Jeddah","West","Coast Mall","Second","North","63504","24767","5985","977","1759","3322","QAR","38737","-2268","65772"
"R202506-2-10","2025-06-01","2025","2025-06","2025-Q2","Home Living","U210","Home and Lifestyle","Retail Group A","Jeddah","West","Coast Mall","Ground","South","158072","94843","14464","376","489","1391","QAR","63229","-877","158949"
"R202506-2-11","2025-06-01","2025","2025-06","2025-Q2","Comfort Store","U211","Home and Lifestyle","Retail Group B","Jeddah","West","Coast Mall","First","East","130977","78586","12469","312","484","1248","QAR","52391","-6048","137025"
"R202506-2-12","2025-06-01","2025","2025-06","2025-Q2","Decor Lane","U212","Home and Lifestyle","Retail Group C","Jeddah","West","Coast Mall","Second","West","102559","61535","9476","244","439","1049","QAR","41024","-1580","104139"
"R202506-3-01","2025-06-01","2025","2025-06","2025-Q2","Nova Fashion","U301","Fashion","Retail Group A","Dammam","East","Oasis Mall","Ground","North","115577","65879","11115","413","537","1404","QAR","49698","-6571","122148"
"R202506-3-02","2025-06-01","2025","2025-06","2025-Q2","Urban Style","U302","Fashion","Retail Group B","Dammam","East","Oasis Mall","First","South","100790","57450","9405","360","558","1332","QAR","43340","-2566","103356"
"R202506-3-03","2025-06-01","2025","2025-06","2025-Q2","Linen House","U303","Fashion","Retail Group C","Dammam","East","Oasis Mall","Second","East","79199","45143","7695","283","509","1132","QAR","34056","-5365","84564"
"R202506-3-04","2025-06-01","2025","2025-06","2025-Q2","Tech Hub","U304","Electronics","Retail Group A","Dammam","East","Oasis Mall","Ground","West","217728","154587","20520","229","298","985","QAR","63141","-7776","225504"
"R202506-3-05","2025-06-01","2025","2025-06","2025-Q2","Digital World","U305","Electronics","Retail Group B","Dammam","East","Oasis Mall","First","North","186883","132687","17100","197","305","670","QAR","54196","-1037","187920"
"R202506-3-06","2025-06-01","2025","2025-06","2025-Q2","Smart Corner","U306","Electronics","Retail Group C","Dammam","East","Oasis Mall","Second","South","152682","108404","14535","161","290","596","QAR","44278","-7050","159732"
"R202506-3-07","2025-06-01","2025","2025-06","2025-Q2","Fresh Table","U307","Food and Beverage","Retail Group A","Dammam","East","Oasis Mall","Ground","East","92534","36088","8550","1424","1851","5696","QAR","56446","-1426","93960"
"R202506-3-08","2025-06-01","2025","2025-06","2025-Q2","Bean Street","U308","Food and Beverage","Retail Group B","Dammam","East","Oasis Mall","First","West","66679","26005","6413","1026","1590","4412","QAR","40674","-3791","70470"
"R202506-3-09","2025-06-01","2025","2025-06","2025-Q2","Sweet Spot","U309","Food and Beverage","Retail Group C","Dammam","East","Oasis Mall","Second","North","54976","21441","5130","846","1523","2876","QAR","33535","-1400","56376"
"R202506-3-10","2025-06-01","2025","2025-06","2025-Q2","Home Living","U310","Home and Lifestyle","Retail Group A","Dammam","East","Oasis Mall","Ground","South","127598","76559","12398","304","395","1125","QAR","51039","-8644","136242"
"R202506-3-11","2025-06-01","2025","2025-06","2025-Q2","Comfort Store","U311","Home and Lifestyle","Retail Group B","Dammam","East","Oasis Mall","First","East","113400","68040","10688","270","419","1080","QAR","45360","-4050","117450"
"R202506-3-12","2025-06-01","2025","2025-06","2025-Q2","Decor Lane","U312","Home and Lifestyle","Retail Group C","Dammam","East","Oasis Mall","Second","West","88770","53262","8123","211","380","907","QAR","35508","-492","89262"
"R202507-1-01","2025-07-01","2025","2025-07","2025-Q3","Nova Fashion","U101","Fashion","Retail Group A","Riyadh","Central","Palm Mall","Ground","North","149141","85010","14820","533","693","1812","QAR","64131","-10104","159245"
"R202507-1-02","2025-07-01","2025","2025-07","2025-Q3","Urban Style","U102","Fashion","Retail Group B","Riyadh","Central","Palm Mall","First","South","130099","74156","12540","465","721","1720","QAR","55943","-4647","134746"
"R202507-1-03","2025-07-01","2025","2025-07","2025-Q3","Linen House","U103","Fashion","Retail Group C","Riyadh","Central","Palm Mall","Second","East","109638","62494","10260","392","706","1568","QAR","47144","-608","110246"
"R202507-1-04","2025-07-01","2025","2025-07","2025-Q3","Tech Hub","U104","Electronics","Retail Group A","Riyadh","Central","Palm Mall","Ground","West","281014","199520","27360","296","385","1273","QAR","81494","-12976","293990"
"R202507-1-05","2025-07-01","2025","2025-07","2025-Q3","Digital World","U105","Electronics","Retail Group B","Riyadh","Central","Palm Mall","First","North","241275","171305","22800","254","394","864","QAR","69970","-3717","244992"
"R202507-1-06","2025-07-01","2025","2025-07","2025-Q3","Smart Corner","U106","Electronics","Retail Group C","Riyadh","Central","Palm Mall","Second","South","197041","139899","19380","207","373","766","QAR","57142","-11202","208243"
"R202507-1-07","2025-07-01","2025","2025-07","2025-Q3","Fresh Table","U107","Food and Beverage","Retail Group A","Riyadh","Central","Palm Mall","Ground","East","119455","46587","11400","1838","2389","7352","QAR","72868","-3041","122496"
"R202507-1-08","2025-07-01","2025","2025-07","2025-Q3","Bean Street","U108","Food and Beverage","Retail Group B","Riyadh","Central","Palm Mall","First","West","86043","33557","8550","1324","2052","5693","QAR","52486","-5829","91872"
"R202507-1-09","2025-07-01","2025","2025-07","2025-Q3","Sweet Spot","U109","Food and Beverage","Retail Group C","Riyadh","Central","Palm Mall","Second","North","70963","27676","6840","1092","1966","3713","QAR","43287","-2535","73498"
"R202507-1-10","2025-07-01","2025","2025-07","2025-Q3","Home Living","U110","Home and Lifestyle","Retail Group A","Riyadh","Central","Palm Mall","Ground","South","176639","105983","16530","421","547","1558","QAR","70656","-980","177619"
"R202507-1-11","2025-07-01","2025","2025-07","2025-Q3","Comfort Store","U111","Home and Lifestyle","Retail Group B","Riyadh","Central","Palm Mall","First","East","146362","87817","14250","348","539","1392","QAR","58545","-6758","153120"
"R202507-1-12","2025-07-01","2025","2025-07","2025-Q3","Decor Lane","U112","Home and Lifestyle","Retail Group C","Riyadh","Central","Palm Mall","Second","West","114606","68764","10830","273","491","1174","QAR","45842","-1765","116371"
"R202507-2-01","2025-07-01","2025","2025-07","2025-Q3","Nova Fashion","U201","Fashion","Retail Group A","Jeddah","West","Coast Mall","Ground","North","131844","75151","12968","471","612","1601","QAR","56693","-7495","139339"
"R202507-2-02","2025-07-01","2025","2025-07","2025-Q3","Urban Style","U202","Fashion","Retail Group B","Jeddah","West","Coast Mall","First","South","114975","65536","10973","411","637","1521","QAR","49439","-2927","117902"
"R202507-2-03","2025-07-01","2025","2025-07","2025-Q3","Linen House","U203","Fashion","Retail Group C","Jeddah","West","Coast Mall","Second","East","90345","51497","8978","323","581","1292","QAR","38848","-6121","96466"
"R202507-2-04","2025-07-01","2025","2025-07","2025-Q3","Tech Hub","U204","Electronics","Retail Group A","Jeddah","West","Coast Mall","Ground","West","248371","176343","23940","261","339","1122","QAR","72028","-8871","257242"
"R202507-2-05","2025-07-01","2025","2025-07","2025-Q3","Digital World","U205","Electronics","Retail Group B","Jeddah","West","Coast Mall","First","North","213185","151361","19950","224","347","762","QAR","61824","-1183","214368"
"R202507-2-06","2025-07-01","2025","2025-07","2025-Q3","Smart Corner","U206","Electronics","Retail Group C","Jeddah","West","Coast Mall","Second","South","174170","123661","16958","183","329","677","QAR","50509","-8043","182213"
"R202507-2-07","2025-07-01","2025","2025-07","2025-Q3","Fresh Table","U207","Food and Beverage","Retail Group A","Jeddah","West","Coast Mall","Ground","East","105558","41168","9975","1624","2111","6496","QAR","64390","-1626","107184"
"R202507-2-08","2025-07-01","2025","2025-07","2025-Q3","Bean Street","U208","Food and Beverage","Retail Group B","Jeddah","West","Coast Mall","First","West","76064","29665","7481","1170","1814","5031","QAR","46399","-4324","80388"
"R202507-2-09","2025-07-01","2025","2025-07","2025-Q3","Sweet Spot","U209","Food and Beverage","Retail Group C","Jeddah","West","Coast Mall","Second","North","62714","24458","5985","965","1737","3281","QAR","38256","-1596","64310"
"R202507-2-10","2025-07-01","2025","2025-07","2025-Q3","Home Living","U210","Home and Lifestyle","Retail Group A","Jeddah","West","Coast Mall","Ground","South","145556","87334","14464","347","451","1284","QAR","58222","-9861","155417"
"R202507-2-11","2025-07-01","2025","2025-07","2025-Q3","Comfort Store","U211","Home and Lifestyle","Retail Group B","Jeddah","West","Coast Mall","First","East","129360","77616","12469","308","477","1232","QAR","51744","-4620","133980"
"R202507-2-12","2025-07-01","2025","2025-07","2025-Q3","Decor Lane","U212","Home and Lifestyle","Retail Group C","Jeddah","West","Coast Mall","Second","West","101263","60758","9476","241","434","1036","QAR","40505","-562","101825"
"R202507-3-01","2025-07-01","2025","2025-07","2025-Q3","Nova Fashion","U301","Fashion","Retail Group A","Dammam","East","Oasis Mall","Ground","North","114162","65072","11115","408","530","1387","QAR","49090","-5272","119434"
"R202507-3-02","2025-07-01","2025","2025-07","2025-Q3","Urban Style","U302","Fashion","Retail Group B","Dammam","East","Oasis Mall","First","South","99526","56730","9405","355","550","1314","QAR","42796","-1533","101059"
"R202507-3-03","2025-07-01","2025","2025-07","2025-Q3","Linen House","U303","Fashion","Retail Group C","Dammam","East","Oasis Mall","Second","East","78237","44595","7695","279","502","1116","QAR","33642","-4448","82685"
"R202507-3-04","2025-07-01","2025","2025-07","2025-Q3","Tech Hub","U304","Electronics","Retail Group A","Dammam","East","Oasis Mall","Ground","West","215018","152663","20520","226","294","972","QAR","62355","-5475","220493"
"R202507-3-05","2025-07-01","2025","2025-07","2025-Q3","Digital World","U305","Electronics","Retail Group B","Dammam","East","Oasis Mall","First","North","172086","122181","17100","181","281","615","QAR","49905","-11658","183744"
"R202507-3-06","2025-07-01","2025","2025-07","2025-Q3","Smart Corner","U306","Electronics","Retail Group C","Dammam","East","Oasis Mall","Second","South","150797","107066","14535","159","286","588","QAR","43731","-5385","156182"
"R202507-3-07","2025-07-01","2025","2025-07","2025-Q3","Fresh Table","U307","Food and Beverage","Retail Group A","Dammam","East","Oasis Mall","Ground","East","91365","35632","8550","1406","1828","5624","QAR","55733","-507","91872"
"R202507-3-08","2025-07-01","2025","2025-07","2025-Q3","Bean Street","U308","Food and Beverage","Retail Group B","Dammam","East","Oasis Mall","First","West","65863","25687","6413","1013","1570","4356","QAR","40176","-3041","68904"
"R202507-3-09","2025-07-01","2025","2025-07","2025-Q3","Sweet Spot","U309","Food and Beverage","Retail Group C","Dammam","East","Oasis Mall","Second","North","54287","21172","5130","835","1503","2839","QAR","33115","-836","55123"
"R202507-3-10","2025-07-01","2025","2025-07","2025-Q3","Home Living","U310","Home and Lifestyle","Retail Group A","Dammam","East","Oasis Mall","Ground","South","126048","75629","12398","300","390","1110","QAR","50419","-7166","133214"
"R202507-3-11","2025-07-01","2025","2025-07","2025-Q3","Comfort Store","U311","Home and Lifestyle","Retail Group B","Dammam","East","Oasis Mall","First","East","111989","67193","10688","267","414","1068","QAR","44796","-2851","114840"
"R202507-3-12","2025-07-01","2025","2025-07","2025-Q3","Decor Lane","U312","Home and Lifestyle","Retail Group C","Dammam","East","Oasis Mall","Second","West","81741","49045","8123","195","351","839","QAR","32696","-5537","87278"
"R202508-1-01","2025-08-01","2025","2025-08","2025-Q3","Nova Fashion","U101","Fashion","Retail Group A","Riyadh","Central","Palm Mall","Ground","North","167801","95647","14820","599","779","2037","QAR","72154","-9540","177341"
"R202508-1-02","2025-08-01","2025","2025-08","2025-Q3","Urban Style","U102","Fashion","Retail Group B","Riyadh","Central","Palm Mall","First","South","146332","83409","12540","523","811","1935","QAR","62923","-3726","150058"
"R202508-1-03","2025-08-01","2025","2025-08","2025-Q3","Linen House","U103","Fashion","Retail Group C","Riyadh","Central","Palm Mall","Second","East","114985","65541","10260","411","740","1644","QAR","49444","-7789","122774"
"R202508-1-04","2025-08-01","2025","2025-08","2025-Q3","Tech Hub","U104","Electronics","Retail Group A","Riyadh","Central","Palm Mall","Ground","West","316109","224437","27360","333","433","1432","QAR","91672","-11289","327398"
"R202508-1-05","2025-08-01","2025","2025-08","2025-Q3","Digital World","U105","Electronics","Retail Group B","Riyadh","Central","Palm Mall","First","North","271327","192642","22800","286","443","972","QAR","78685","-1505","272832"
"R202508-1-06","2025-08-01","2025","2025-08","2025-Q3","Smart Corner","U106","Electronics","Retail Group C","Riyadh","Central","Palm Mall","Second","South","221671","157386","19380","233","419","862","QAR","64285","-10236","231907"
"R202508-1-07","2025-08-01","2025","2025-08","2025-Q3","Fresh Table","U107","Food and Beverage","Retail Group A","Riyadh","Central","Palm Mall","Ground","East","134346","52395","11400","2067","2687","8268","QAR","81951","-2070","136416"
"R202508-1-08","2025-08-01","2025","2025-08","2025-Q3","Bean Street","U108","Food and Beverage","Retail Group B","Riyadh","Central","Palm Mall","First","West","96808","37755","8550","1489","2308","6403","QAR","59053","-5504","102312"
"R202508-1-09","2025-08-01","2025","2025-08","2025-Q3","Sweet Spot","U109","Food and Beverage","Retail Group C","Riyadh","Central","Palm Mall","Second","North","79817","31129","6840","1228","2210","4175","QAR","48688","-2033","81850"
"R202508-1-10","2025-08-01","2025","2025-08","2025-Q3","Home Living","U110","Home and Lifestyle","Retail Group A","Riyadh","Central","Palm Mall","Ground","South","185253","111152","16530","441","573","1632","QAR","74101","-12550","197803"
"R202508-1-11","2025-08-01","2025","2025-08","2025-Q3","Comfort Store","U111","Home and Lifestyle","Retail Group B","Riyadh","Central","Palm Mall","First","East","164640","98784","14250","392","608","1568","QAR","65856","-5880","170520"
"R202508-1-12","2025-08-01","2025","2025-08","2025-Q3","Decor Lane","U112","Home and Lifestyle","Retail Group C","Riyadh","Central","Palm Mall","Second","West","128880","77328","10830","307","553","1320","QAR","51552","-715","129595"
"R202508-2-01","2025-08-01","2025","2025-08","2025-Q3","Nova Fashion","U201","Fashion","Retail Group A","Jeddah","West","Coast Mall","Ground","North","148324","84545","12968","530","689","1802","QAR","63779","-6849","155173"
"R202508-2-02","2025-08-01","2025","2025-08","2025-Q3","Urban Style","U202","Fashion","Retail Group B","Jeddah","West","Coast Mall","First","South","129308","73706","10973","462","716","1709","QAR","55602","-1992","131300"
"R202508-2-03","2025-08-01","2025","2025-08","2025-Q3","Linen House","U203","Fashion","Retail Group C","Jeddah","West","Coast Mall","Second","East","101649","57940","8978","363","653","1452","QAR","43709","-5779","107428"
"R202508-2-04","2025-08-01","2025","2025-08","2025-Q3","Tech Hub","U204","Electronics","Retail Group A","Jeddah","West","Coast Mall","Ground","West","279361","198346","23940","294","382","1264","QAR","81015","-7113","286474"
"R202508-2-05","2025-08-01","2025","2025-08","2025-Q3","Digital World","U205","Electronics","Retail Group B","Jeddah","West","Coast Mall","First","North","223581","158743","19950","235","364","799","QAR","64838","-15147","238728"
"R202508-2-06","2025-08-01","2025","2025-08","2025-Q3","Smart Corner","U206","Electronics","Retail Group C","Jeddah","West","Coast Mall","Second","South","195922","139105","16958","206","371","762","QAR","56817","-6997","202919"
"R202508-2-07","2025-08-01","2025","2025-08","2025-Q3","Fresh Table","U207","Food and Beverage","Retail Group A","Jeddah","West","Coast Mall","Ground","East","118705","46295","9975","1826","2374","7304","QAR","72410","-659","119364"
"R202508-2-08","2025-08-01","2025","2025-08","2025-Q3","Bean Street","U208","Food and Beverage","Retail Group B","Jeddah","West","Coast Mall","First","West","85572","33373","7481","1316","2040","5659","QAR","52199","-3951","89523"
"R202508-2-09","2025-08-01","2025","2025-08","2025-Q3","Sweet Spot","U209","Food and Beverage","Retail Group C","Jeddah","West","Coast Mall","Second","North","70532","27507","5985","1085","1953","3689","QAR","43025","-1086","71618"
"R202508-2-10","2025-08-01","2025","2025-08","2025-Q3","Home Living","U210","Home and Lifestyle","Retail Group A","Jeddah","West","Coast Mall","Ground","South","163767","98260","14464","390","507","1443","QAR","65507","-9311","173078"
"R202508-2-11","2025-08-01","2025","2025-08","2025-Q3","Comfort Store","U211","Home and Lifestyle","Retail Group B","Jeddah","West","Coast Mall","First","East","145501","87301","12469","346","536","1384","QAR","58200","-3704","149205"
"R202508-2-12","2025-08-01","2025","2025-08","2025-Q3","Decor Lane","U212","Home and Lifestyle","Retail Group C","Jeddah","West","Coast Mall","Second","West","106201","63721","9476","253","455","1088","QAR","42480","-7195","113396"
"R202508-3-01","2025-08-01","2025","2025-08","2025-Q3","Nova Fashion","U301","Fashion","Retail Group A","Dammam","East","Oasis Mall","Ground","North","128419","73199","11115","459","597","1561","QAR","55220","-4587","133006"
"R202508-3-02","2025-08-01","2025","2025-08","2025-Q3","Urban Style","U302","Fashion","Retail Group B","Dammam","East","Oasis Mall","First","South","111922","63796","9405","400","620","1480","QAR","48126","-621","112543"
"R202508-3-03","2025-08-01","2025","2025-08","2025-Q3","Linen House","U303","Fashion","Retail Group C","Dammam","East","Oasis Mall","Second","East","88017","50170","7695","314","565","1256","QAR","37847","-4064","92081"
"R202508-3-04","2025-08-01","2025","2025-08","2025-Q3","Tech Hub","U304","Electronics","Retail Group A","Dammam","East","Oasis Mall","Ground","West","241823","171694","20520","255","332","1097","QAR","70129","-3726","245549"
"R202508-3-05","2025-08-01","2025","2025-08","2025-Q3","Digital World","U305","Electronics","Retail Group B","Dammam","East","Oasis Mall","First","North","193617","137468","17100","204","316","694","QAR","56149","-11007","204624"
"R202508-3-06","2025-08-01","2025","2025-08","2025-Q3","Smart Corner","U306","Electronics","Retail Group C","Dammam","East","Oasis Mall","Second","South","169612","120425","14535","179","322","662","QAR","49187","-4318","173930"
"R202508-3-07","2025-08-01","2025","2025-08","2025-Q3","Fresh Table","U307","Food and Beverage","Retail Group A","Dammam","East","Oasis Mall","Ground","East","95820","37370","8550","1474","1916","5896","QAR","58450","-6492","102312"
"R202508-3-08","2025-08-01","2025","2025-08","2025-Q3","Bean Street","U308","Food and Beverage","Retail Group B","Dammam","East","Oasis Mall","First","West","74088","28894","6413","1140","1767","4902","QAR","45194","-2646","76734"
"R202508-3-09","2025-08-01","2025","2025-08","2025-Q3","Sweet Spot","U309","Food and Beverage","Retail Group C","Dammam","East","Oasis Mall","Second","North","61049","23809","5130","939","1690","3193","QAR","37240","-338","61387"
"R202508-3-10","2025-08-01","2025","2025-08","2025-Q3","Home Living","U310","Home and Lifestyle","Retail Group A","Dammam","East","Oasis Mall","Ground","South","141804","85082","12398","338","439","1251","QAR","56722","-6548","148352"
"R202508-3-11","2025-08-01","2025","2025-08","2025-Q3","Comfort Store","U311","Home and Lifestyle","Retail Group B","Dammam","East","Oasis Mall","First","East","125950","75570","10688","300","465","1200","QAR","50380","-1940","127890"
"R202508-3-12","2025-08-01","2025","2025-08","2025-Q3","Decor Lane","U312","Home and Lifestyle","Retail Group C","Dammam","East","Oasis Mall","Second","West","91968","55181","8123","219","394","942","QAR","36787","-5228","97196"
"R202509-1-01","2025-09-01","2025","2025-09","2025-Q3","Nova Fashion","U101","Fashion","Retail Group A","Riyadh","Central","Palm Mall","Ground","North","181621","103524","14820","649","844","2207","QAR","78097","-8387","190008"
"R202509-1-02","2025-09-01","2025","2025-09","2025-Q3","Urban Style","U102","Fashion","Retail Group B","Riyadh","Central","Palm Mall","First","South","158337","90252","12540","565","876","2091","QAR","68085","-2439","160776"
"R202509-1-03","2025-09-01","2025","2025-09","2025-Q3","Linen House","U103","Fashion","Retail Group C","Riyadh","Central","Palm Mall","Second","East","124468","70947","10260","445","801","1780","QAR","53521","-7076","131544"
"R202509-1-04","2025-09-01","2025","2025-09","2025-Q3","Tech Hub","U104","Electronics","Retail Group A","Riyadh","Central","Palm Mall","Ground","West","342075","242873","27360","360","468","1548","QAR","99202","-8709","350784"
"R202509-1-05","2025-09-01","2025","2025-09","2025-Q3","Digital World","U105","Electronics","Retail Group B","Riyadh","Central","Palm Mall","First","North","273773","194379","22800","288","446","979","QAR","79394","-18547","292320"
"R202509-1-06","2025-09-01","2025","2025-09","2025-Q3","Smart Corner","U106","Electronics","Retail Group C","Riyadh","Central","Palm Mall","Second","South","239904","170332","19380","253","455","936","QAR","69572","-8568","248472"
"R202509-1-07","2025-09-01","2025","2025-09","2025-Q3","Fresh Table","U107","Food and Beverage","Retail Group A","Riyadh","Central","Palm Mall","Ground","East","145354","56688","11400","2236","2907","8944","QAR","88666","-806","146160"
"R202509-1-08","2025-09-01","2025","2025-09","2025-Q3","Bean Street","U108","Food and Beverage","Retail Group B","Riyadh","Central","Palm Mall","First","West","104782","40865","8550","1612","2499","6932","QAR","63917","-4838","109620"
"R202509-1-09","2025-09-01","2025","2025-09","2025-Q3","Sweet Spot","U109","Food and Beverage","Retail Group C","Riyadh","Central","Palm Mall","Second","North","86365","33682","6840","1329","2392","4519","QAR","52683","-1331","87696"
"R202509-1-10","2025-09-01","2025","2025-09","2025-Q3","Home Living","U110","Home and Lifestyle","Retail Group A","Riyadh","Central","Palm Mall","Ground","South","200532","120319","16530","477","620","1765","QAR","80213","-11400","211932"
"R202509-1-11","2025-09-01","2025","2025-09","2025-Q3","Comfort Store","U111","Home and Lifestyle","Retail Group B","Riyadh","Central","Palm Mall","First","East","178164","106898","14250","424","657","1696","QAR","71266","-4536","182700"
"R202509-1-12","2025-09-01","2025","2025-09","2025-Q3","Decor Lane","U112","Home and Lifestyle","Retail Group C","Riyadh","Central","Palm Mall","Second","West","130042","78025","10830","310","558","1333","QAR","52017","-8810","138852"
"R202509-2-01","2025-09-01","2025","2025-09","2025-Q3","Nova Fashion","U201","Fashion","Retail Group A","Jeddah","West","Coast Mall","Ground","North","160524","91499","12968","573","745","1948","QAR","69025","-5733","166257"
"R202509-2-02","2025-09-01","2025","2025-09","2025-Q3","Urban Style","U202","Fashion","Retail Group B","Jeddah","West","Coast Mall","First","South","139903","79745","10973","500","775","1850","QAR","60158","-776","140679"
"R202509-2-03","2025-09-01","2025","2025-09","2025-Q3","Linen House","U203","Fashion","Retail Group C","Jeddah","West","Coast Mall","Second","East","110021","62712","8978","393","707","1572","QAR","47309","-5080","115101"
"R202509-2-04","2025-09-01","2025","2025-09","2025-Q3","Tech Hub","U204","Electronics","Retail Group A","Jeddah","West","Coast Mall","Ground","West","302279","214618","23940","318","413","1367","QAR","87661","-4657","306936"
"R202509-2-05","2025-09-01","2025","2025-09","2025-Q3","Digital World","U205","Electronics","Retail Group B","Jeddah","West","Coast Mall","First","North","242021","171835","19950","255","395","867","QAR","70186","-13759","255780"
"R202509-2-06","2025-09-01","2025","2025-09","2025-Q3","Smart Corner","U206","Electronics","Retail Group C","Jeddah","West","Coast Mall","Second","South","212015","150531","16958","223","401","825","QAR","61484","-5398","217413"
"R202509-2-07","2025-09-01","2025","2025-09","2025-Q3","Fresh Table","U207","Food and Beverage","Retail Group A","Jeddah","West","Coast Mall","Ground","East","119776","46713","9975","1843","2396","7372","QAR","73063","-8114","127890"
"R202509-2-08","2025-09-01","2025","2025-09","2025-Q3","Bean Street","U208","Food and Beverage","Retail Group B","Jeddah","West","Coast Mall","First","West","92610","36118","7481","1425","2209","6128","QAR","56492","-3308","95918"
"R202509-2-09","2025-09-01","2025","2025-09","2025-Q3","Sweet Spot","U209","Food and Beverage","Retail Group C","Jeddah","West","Coast Mall","Second","North","76311","29761","5985","1174","2113","3992","QAR","46550","-423","76734"
"R202509-2-10","2025-09-01","2025","2025-09","2025-Q3","Home Living","U210","Home and Lifestyle","Retail Group A","Jeddah","West","Coast Mall","Ground","South","177256","106354","14464","422","549","1561","QAR","70902","-8185","185441"
"R202509-2-11","2025-09-01","2025","2025-09","2025-Q3","Comfort Store","U211","Home and Lifestyle","Retail Group B","Jeddah","West","Coast Mall","First","East","157437","94462","12469","375","581","1500","QAR","62975","-2426","159863"
"R202509-2-12","2025-09-01","2025","2025-09","2025-Q3","Decor Lane","U212","Home and Lifestyle","Retail Group C","Jeddah","West","Coast Mall","Second","West","114960","68976","9476","274","493","1178","QAR","45984","-6535","121495"
"R202509-3-01","2025-09-01","2025","2025-09","2025-Q3","Nova Fashion","U301","Fashion","Retail Group A","Dammam","East","Oasis Mall","Ground","North","138968","79212","11115","496","645","1686","QAR","59756","-3538","142506"
"R202509-3-02","2025-09-01","2025","2025-09","2025-Q3","Urban Style","U302","Fashion","Retail Group B","Dammam","East","Oasis Mall","First","South","112931","64371","9405","403","625","1491","QAR","48560","-7651","120582"
"R202509-3-03","2025-09-01","2025","2025-09","2025-Q3","Linen House","U303","Fashion","Retail Group C","Dammam","East","Oasis Mall","Second","East","95256","54296","7695","340","612","1360","QAR","40960","-3402","98658"
"R202509-3-04","2025-09-01","2025","2025-09","2025-Q3","Tech Hub","U304","Electronics","Retail Group A","Dammam","East","Oasis Mall","Ground","West","261636","185762","20520","275","358","1183","QAR","75874","-1452","263088"
"R202509-3-05","2025-09-01","2025","2025-09","2025-Q3","Digital World","U305","Electronics","Retail Group B","Dammam","East","Oasis Mall","First","North","209563","148790","17100","221","343","751","QAR","60773","-9677","219240"
"R202509-3-06","2025-09-01","2025","2025-09","2025-Q3","Smart Corner","U306","Electronics","Retail Group C","Dammam","East","Oasis Mall","Second","South","183527","130304","14535","193","347","714","QAR","53223","-2827","186354"
"R202509-3-07","2025-09-01","2025","2025-09","2025-Q3","Fresh Table","U307","Food and Beverage","Retail Group A","Dammam","East","Oasis Mall","Ground","East","103723","40452","8550","1596","2075","6384","QAR","63271","-5897","109620"
"R202509-3-08","2025-09-01","2025","2025-09","2025-Q3","Bean Street","U308","Food and Beverage","Retail Group B","Dammam","East","Oasis Mall","First","West","80174","31268","6413","1233","1911","5302","QAR","48906","-2041","82215"
"R202509-3-09","2025-09-01","2025","2025-09","2025-Q3","Sweet Spot","U309","Food and Beverage","Retail Group C","Dammam","East","Oasis Mall","Second","North","61599","24024","5130","948","1706","3223","QAR","37575","-4173","65772"
"R202509-3-10","2025-09-01","2025","2025-09","2025-Q3","Home Living","U310","Home and Lifestyle","Retail Group A","Dammam","East","Oasis Mall","Ground","South","153468","92081","12398","365","475","1351","QAR","61387","-5481","158949"
"R202509-3-11","2025-09-01","2025","2025-09","2025-Q3","Comfort Store","U311","Home and Lifestyle","Retail Group B","Dammam","East","Oasis Mall","First","East","136269","81761","10688","324","502","1296","QAR","54508","-756","137025"
"R202509-3-12","2025-09-01","2025","2025-09","2025-Q3","Decor Lane","U312","Home and Lifestyle","Retail Group C","Dammam","East","Oasis Mall","Second","West","99543","59726","8123","237","427","1019","QAR","39817","-4596","104139"
"R202510-1-01","2025-10-01","2025","2025-10","2025-Q4","Nova Fashion","U101","Fashion","Retail Group A","Riyadh","Central","Palm Mall","Ground","North","188698","107558","14820","674","876","2292","QAR","81140","-6739","195437"
"R202510-1-02","2025-10-01","2025","2025-10","2025-Q4","Urban Style","U102","Fashion","Retail Group B","Riyadh","Central","Palm Mall","First","South","164457","93740","12540","587","910","2172","QAR","70717","-913","165370"
"R202510-1-03","2025-10-01","2025","2025-10","2025-Q4","Linen House","U103","Fashion","Retail Group C","Riyadh","Central","Palm Mall","Second","East","129330","73718","10260","462","832","1848","QAR","55612","-5972","135302"
"R202510-1-04","2025-10-01","2025","2025-10","2025-Q4","Tech Hub","U104","Electronics","Retail Group A","Riyadh","Central","Palm Mall","Ground","West","355332","252286","27360","374","486","1608","QAR","103046","-5474","360806"
"R202510-1-05","2025-10-01","2025","2025-10","2025-Q4","Digital World","U105","Electronics","Retail Group B","Riyadh","Central","Palm Mall","First","North","284498","201994","22800","299","463","1017","QAR","82504","-16174","300672"
"R202510-1-06","2025-10-01","2025","2025-10","2025-Q4","Smart Corner","U106","Electronics","Retail Group C","Riyadh","Central","Palm Mall","Second","South","249226","176950","19380","262","472","969","QAR","72276","-6345","255571"
"R202510-1-07","2025-10-01","2025","2025-10","2025-Q4","Fresh Table","U107","Food and Beverage","Retail Group A","Riyadh","Central","Palm Mall","Ground","East","140797","54911","11400","2166","2816","8664","QAR","85886","-9539","150336"
"R202510-1-08","2025-10-01","2025","2025-10","2025-Q4","Bean Street","U108","Food and Beverage","Retail Group B","Riyadh","Central","Palm Mall","First","West","108864","42457","8550","1675","2596","7203","QAR","66407","-3888","112752"
"R202510-1-09","2025-10-01","2025","2025-10","2025-Q4","Sweet Spot","U109","Food and Beverage","Retail Group C","Riyadh","Central","Palm Mall","Second","North","89704","34985","6840","1380","2484","4692","QAR","54719","-498","90202"
"R202510-1-10","2025-10-01","2025","2025-10","2025-Q4","Home Living","U110","Home and Lifestyle","Retail Group A","Riyadh","Central","Palm Mall","Ground","South","208366","125020","16530","496","645","1835","QAR","83346","-9621","217987"
"R202510-1-11","2025-10-01","2025","2025-10","2025-Q4","Comfort Store","U111","Home and Lifestyle","Retail Group B","Riyadh","Central","Palm Mall","First","East","185069","111041","14250","441","684","1764","QAR","74028","-2851","187920"
"R202510-1-12","2025-10-01","2025","2025-10","2025-Q4","Decor Lane","U112","Home and Lifestyle","Retail Group C","Riyadh","Central","Palm Mall","Second","West","135137","81082","10830","322","580","1385","QAR","54055","-7682","142819"
"R202510-2-01","2025-10-01","2025","2025-10","2025-Q4","Nova Fashion","U201","Fashion","Retail Group A","Jeddah","West","Coast Mall","Ground","North","166762","95054","12968","596","775","2026","QAR","71708","-4245","171007"
"R202510-2-02","2025-10-01","2025","2025-10","2025-Q4","Urban Style","U202","Fashion","Retail Group B","Jeddah","West","Coast Mall","First","South","135518","77245","10973","484","750","1791","QAR","58273","-9180","144698"
"R202510-2-03","2025-10-01","2025","2025-10","2025-Q4","Linen House","U203","Fashion","Retail Group C","Jeddah","West","Coast Mall","Second","East","114307","65155","8978","408","734","1632","QAR","49152","-4083","118390"
"R202510-2-04","2025-10-01","2025","2025-10","2025-Q4","Tech Hub","U204","Electronics","Retail Group A","Jeddah","West","Coast Mall","Ground","West","313964","222914","23940","330","429","1419","QAR","91050","-1742","315706"
"R202510-2-05","2025-10-01","2025","2025-10","2025-Q4","Digital World","U205","Electronics","Retail Group B","Jeddah","West","Coast Mall","First","North","251476","178548","19950","265","411","901","QAR","72928","-11612","263088"
"R202510-2-06","2025-10-01","2025","2025-10","2025-Q4","Smart Corner","U206","Electronics","Retail Group C","Jeddah","West","Coast Mall","Second","South","220232","156365","16958","232","418","858","QAR","63867","-3393","223625"
"R202510-2-07","2025-10-01","2025","2025-10","2025-Q4","Fresh Table","U207","Food and Beverage","Retail Group A","Jeddah","West","Coast Mall","Ground","East","124468","48543","9975","1915","2490","7660","QAR","75925","-7076","131544"
"R202510-2-08","2025-10-01","2025","2025-10","2025-Q4","Bean Street","U208","Food and Beverage","Retail Group B","Jeddah","West","Coast Mall","First","West","96209","37522","7481","1480","2294","6364","QAR","58687","-2449","98658"
"R202510-2-09","2025-10-01","2025","2025-10","2025-Q4","Sweet Spot","U209","Food and Beverage","Retail Group C","Jeddah","West","Coast Mall","Second","North","73919","28828","5985","1137","2047","3866","QAR","45091","-5007","78926"
"R202510-2-10","2025-10-01","2025","2025-10","2025-Q4","Home Living","U210","Home and Lifestyle","Retail Group A","Jeddah","West","Coast Mall","Ground","South","184162","110497","14464","438","569","1621","QAR","73665","-6577","190739"
"R202510-2-11","2025-10-01","2025","2025-10","2025-Q4","Comfort Store","U211","Home and Lifestyle","Retail Group B","Jeddah","West","Coast Mall","First","East","163523","98114","12469","389","603","1556","QAR","65409","-907","164430"
"R202510-2-12","2025-10-01","2025","2025-10","2025-Q4","Decor Lane","U212","Home and Lifestyle","Retail Group C","Jeddah","West","Coast Mall","Second","West","119451","71671","9476","284","511","1221","QAR","47780","-5516","124967"
"R202510-3-01","2025-10-01","2025","2025-10","2025-Q4","Nova Fashion","U301","Fashion","Retail Group A","Dammam","East","Oasis Mall","Ground","North","144354","82282","11115","516","671","1754","QAR","62072","-2224","146578"
"R202510-3-02","2025-10-01","2025","2025-10","2025-Q4","Urban Style","U302","Fashion","Retail Group B","Dammam","East","Oasis Mall","First","South","117355","66892","9405","419","649","1550","QAR","50463","-6672","124027"
"R202510-3-03","2025-10-01","2025","2025-10","2025-Q4","Linen House","U303","Fashion","Retail Group C","Dammam","East","Oasis Mall","Second","East","98957","56405","7695","353","635","1412","QAR","42552","-2520","101477"
"R202510-3-04","2025-10-01","2025","2025-10","2025-Q4","Tech Hub","U304","Electronics","Retail Group A","Dammam","East","Oasis Mall","Ground","West","253435","179939","20520","267","347","1148","QAR","73496","-17170","270605"
"R202510-3-05","2025-10-01","2025","2025-10","2025-Q4","Digital World","U305","Electronics","Retail Group B","Dammam","East","Oasis Mall","First","North","217728","154587","17100","229","355","779","QAR","63141","-7776","225504"
"R202510-3-06","2025-10-01","2025","2025-10","2025-Q4","Smart Corner","U306","Electronics","Retail Group C","Dammam","East","Oasis Mall","Second","South","190621","135341","14535","201","362","744","QAR","55280","-1057","191678"
"R202510-3-07","2025-10-01","2025","2025-10","2025-Q4","Fresh Table","U307","Food and Beverage","Retail Group A","Dammam","East","Oasis Mall","Ground","East","107775","42032","8550","1658","2155","6632","QAR","65743","-4977","112752"
"R202510-3-08","2025-10-01","2025","2025-10","2025-Q4","Bean Street","U308","Food and Beverage","Retail Group B","Dammam","East","Oasis Mall","First","West","83281","32480","6413","1281","1986","5508","QAR","50801","-1283","84564"
"R202510-3-09","2025-10-01","2025","2025-10","2025-Q4","Sweet Spot","U309","Food and Beverage","Retail Group C","Dammam","East","Oasis Mall","Second","North","64012","24965","5130","985","1773","3349","QAR","39047","-3639","67651"
"R202510-3-10","2025-10-01","2025","2025-10","2025-Q4","Home Living","U310","Home and Lifestyle","Retail Group A","Dammam","East","Oasis Mall","Ground","South","159431","95659","12398","380","494","1406","QAR","63772","-4059","163490"
"R202510-3-11","2025-10-01","2025","2025-10","2025-Q4","Comfort Store","U311","Home and Lifestyle","Retail Group B","Dammam","East","Oasis Mall","First","East","131998","79199","10688","314","487","1256","QAR","52799","-8942","140940"
"R202510-3-12","2025-10-01","2025","2025-10","2025-Q4","Decor Lane","U312","Home and Lifestyle","Retail Group C","Dammam","East","Oasis Mall","Second","West","103421","62053","8123","246","443","1058","QAR","41368","-3693","107114"
"R202511-1-01","2025-11-01","2025","2025-11","2025-Q4","Nova Fashion","U101","Fashion","Retail Group A","Riyadh","Central","Palm Mall","Ground","North","211761","120704","14820","756","983","2570","QAR","91057","-5391","217152"
"R202511-1-02","2025-11-01","2025","2025-11","2025-Q4","Urban Style","U102","Fashion","Retail Group B","Riyadh","Central","Palm Mall","First","South","172086","98089","12540","615","953","2276","QAR","73997","-11658","183744"
"R202511-1-03","2025-11-01","2025","2025-11","2025-Q4","Linen House","U103","Fashion","Retail Group C","Riyadh","Central","Palm Mall","Second","East","145152","82737","10260","518","932","2072","QAR","62415","-5184","150336"
"R202511-1-04","2025-11-01","2025","2025-11","2025-Q4","Tech Hub","U104","Electronics","Retail Group A","Riyadh","Central","Palm Mall","Ground","West","398684","283066","27360","420","546","1806","QAR","115618","-2212","400896"
"R202511-1-05","2025-11-01","2025","2025-11","2025-Q4","Digital World","U105","Electronics","Retail Group B","Riyadh","Central","Palm Mall","First","North","319334","226727","22800","336","521","1142","QAR","92607","-14746","334080"
"R202511-1-06","2025-11-01","2025","2025-11","2025-Q4","Smart Corner","U106","Electronics","Retail Group C","Riyadh","Central","Palm Mall","Second","South","279660","198559","19380","294","529","1088","QAR","81101","-4308","283968"
"R202511-1-07","2025-11-01","2025","2025-11","2025-Q4","Fresh Table","U107","Food and Beverage","Retail Group A","Riyadh","Central","Palm Mall","Ground","East","158054","61641","11400","2432","3162","9728","QAR","96413","-8986","167040"
"R202511-1-08","2025-11-01","2025","2025-11","2025-Q4","Bean Street","U108","Food and Beverage","Retail Group B","Riyadh","Central","Palm Mall","First","West","122170","47646","8550","1880","2914","8084","QAR","74524","-3110","125280"
"R202511-1-09","2025-11-01","2025","2025-11","2025-Q4","Sweet Spot","U109","Food and Beverage","Retail Group C","Riyadh","Central","Palm Mall","Second","North","93865","36607","6840","1444","2599","4910","QAR","57258","-6359","100224"
"R202511-1-10","2025-11-01","2025","2025-11","2025-Q4","Home Living","U110","Home and Lifestyle","Retail Group A","Riyadh","Central","Palm Mall","Ground","South","233856","140314","16530","557","724","2061","QAR","93542","-8352","242208"
"R202511-1-11","2025-11-01","2025","2025-11","2025-Q4","Comfort Store","U111","Home and Lifestyle","Retail Group B","Riyadh","Central","Palm Mall","First","East","207648","124589","14250","494","766","1976","QAR","83059","-1152","208800"
"R202511-1-12","2025-11-01","2025","2025-11","2025-Q4","Decor Lane","U112","Home and Lifestyle","Retail Group C","Riyadh","Central","Palm Mall","Second","West","151684","91010","10830","361","650","1552","QAR","60674","-7004","158688"
"R202511-2-01","2025-11-01","2025","2025-11","2025-Q4","Nova Fashion","U201","Fashion","Retail Group A","Jeddah","West","Coast Mall","Ground","North","187125","106661","12968","668","868","2271","QAR","80464","-2883","190008"
"R202511-2-02","2025-11-01","2025","2025-11","2025-Q4","Urban Style","U202","Fashion","Retail Group B","Jeddah","West","Coast Mall","First","South","152127","86712","10973","543","842","2009","QAR","65415","-8649","160776"
"R202511-2-03","2025-11-01","2025","2025-11","2025-Q4","Linen House","U203","Fashion","Retail Group C","Jeddah","West","Coast Mall","Second","East","128278","73118","8978","458","824","1832","QAR","55160","-3266","131544"
"R202511-2-04","2025-11-01","2025","2025-11","2025-Q4","Tech Hub","U204","Electronics","Retail Group A","Jeddah","West","Coast Mall","Ground","West","328527","233254","23940","346","450","1488","QAR","95273","-22257","350784"
"R202511-2-05","2025-11-01","2025","2025-11","2025-Q4","Digital World","U205","Electronics","Retail Group B","Jeddah","West","Coast Mall","First","North","282240","200390","19950","297","460","1010","QAR","81850","-10080","292320"
"R202511-2-06","2025-11-01","2025","2025-11","2025-Q4","Smart Corner","U206","Electronics","Retail Group C","Jeddah","West","Coast Mall","Second","South","247101","175442","16958","260","468","962","QAR","71659","-1371","248472"
"R202511-2-07","2025-11-01","2025","2025-11","2025-Q4","Fresh Table","U207","Food and Beverage","Retail Group A","Jeddah","West","Coast Mall","Ground","East","139709","54487","9975","2149","2794","8596","QAR","85222","-6451","146160"
"R202511-2-08","2025-11-01","2025","2025-11","2025-Q4","Bean Street","U208","Food and Beverage","Retail Group B","Jeddah","West","Coast Mall","First","West","107957","42103","7481","1661","2575","7142","QAR","65854","-1663","109620"
"R202511-2-09","2025-11-01","2025","2025-11","2025-Q4","Sweet Spot","U209","Food and Beverage","Retail Group C","Jeddah","West","Coast Mall","Second","North","82979","32362","5985","1277","2299","4342","QAR","50617","-4717","87696"
"R202511-2-10","2025-11-01","2025","2025-11","2025-Q4","Home Living","U210","Home and Lifestyle","Retail Group A","Jeddah","West","Coast Mall","Ground","South","206670","124002","14464","492","640","1820","QAR","82668","-5262","211932"
"R202511-2-11","2025-11-01","2025","2025-11","2025-Q4","Comfort Store","U211","Home and Lifestyle","Retail Group B","Jeddah","West","Coast Mall","First","East","171108","102665","12469","407","631","1628","QAR","68443","-11592","182700"
"R202511-2-12","2025-11-01","2025","2025-11","2025-Q4","Decor Lane","U212","Home and Lifestyle","Retail Group C","Jeddah","West","Coast Mall","Second","West","134064","80438","9476","319","574","1372","QAR","53626","-4788","138852"
"R202511-3-01","2025-11-01","2025","2025-11","2025-Q4","Nova Fashion","U301","Fashion","Retail Group A","Dammam","East","Oasis Mall","Ground","North","161965","92320","11115","578","751","1965","QAR","69645","-899","162864"
"R202511-3-02","2025-11-01","2025","2025-11","2025-Q4","Urban Style","U302","Fashion","Retail Group B","Dammam","East","Oasis Mall","First","South","131725","75083","9405","470","729","1739","QAR","56642","-6083","137808"
"R202511-3-03","2025-11-01","2025","2025-11","2025-Q4","Linen House","U303","Fashion","Retail Group C","Dammam","East","Oasis Mall","Second","East","111041","63293","7695","397","715","1588","QAR","47748","-1711","112752"
"R202511-3-04","2025-11-01","2025","2025-11","2025-Q4","Tech Hub","U304","Electronics","Retail Group A","Dammam","East","Oasis Mall","Ground","West","284498","201994","20520","299","389","1286","QAR","82504","-16174","300672"
"R202511-3-05","2025-11-01","2025","2025-11","2025-Q4","Digital World","U305","Electronics","Retail Group B","Dammam","East","Oasis Mall","First","North","244339","173481","17100","257","398","874","QAR","70858","-6221","250560"
"R202511-3-06","2025-11-01","2025","2025-11","2025-Q4","Smart Corner","U306","Electronics","Retail Group C","Dammam","East","Oasis Mall","Second","South","199463","141619","14535","210","378","777","QAR","57844","-13513","212976"
"R202511-3-07","2025-11-01","2025","2025-11","2025-Q4","Fresh Table","U307","Food and Beverage","Retail Group A","Dammam","East","Oasis Mall","Ground","East","120960","47174","8550","1861","2419","7444","QAR","73786","-4320","125280"
"R202511-3-08","2025-11-01","2025","2025-11","2025-Q4","Bean Street","U308","Food and Beverage","Retail Group B","Dammam","East","Oasis Mall","First","West","93442","36442","6413","1438","2229","6183","QAR","57000","-518","93960"
"R202511-3-09","2025-11-01","2025","2025-11","2025-Q4","Sweet Spot","U309","Food and Beverage","Retail Group C","Dammam","East","Oasis Mall","Second","North","71850","28022","5130","1105","1989","3757","QAR","43828","-3318","75168"
"R202511-3-10","2025-11-01","2025","2025-11","2025-Q4","Home Living","U310","Home and Lifestyle","Retail Group A","Dammam","East","Oasis Mall","Ground","South","178900","107340","12398","426","554","1576","QAR","71560","-2756","181656"
"R202511-3-11","2025-11-01","2025","2025-11","2025-Q4","Comfort Store","U311","Home and Lifestyle","Retail Group B","Dammam","East","Oasis Mall","First","East","148176","88906","10688","353","547","1412","QAR","59270","-8424","156600"
"R202511-3-12","2025-11-01","2025","2025-11","2025-Q4","Decor Lane","U312","Home and Lifestyle","Retail Group C","Dammam","East","Oasis Mall","Second","West","116061","69637","8123","276","497","1187","QAR","46424","-2955","119016"
"R202512-1-01","2025-12-01","2025","2025-12","2025-Q4","Nova Fashion","U101","Fashion","Retail Group A","Riyadh","Central","Palm Mall","Ground","North","231679","132057","14820","827","1075","2812","QAR","99622","-3569","235248"
"R202512-1-02","2025-12-01","2025","2025-12","2025-Q4","Urban Style","U102","Fashion","Retail Group B","Riyadh","Central","Palm Mall","First","South","188348","107358","12540","673","1043","2490","QAR","80990","-10708","199056"
"R202512-1-03","2025-12-01","2025","2025-12","2025-Q4","Linen House","U103","Fashion","Retail Group C","Riyadh","Central","Palm Mall","Second","East","158820","90527","10260","567","1021","2268","QAR","68293","-4044","162864"
"R202512-1-04","2025-12-01","2025","2025-12","2025-Q4","Tech Hub","U104","Electronics","Retail Group A","Riyadh","Central","Palm Mall","Ground","West","406748","288791","27360","428","556","1840","QAR","117957","-27556","434304"
"R202512-1-05","2025-12-01","2025","2025-12","2025-Q4","Digital World","U105","Electronics","Retail Group B","Riyadh","Central","Palm Mall","First","North","349440","248102","22800","368","570","1251","QAR","101338","-12480","361920"
"R202512-1-06","2025-12-01","2025","2025-12","2025-Q4","Smart Corner","U106","Electronics","Retail Group C","Riyadh","Central","Palm Mall","Second","South","305935","217214","19380","322","580","1191","QAR","88721","-1697","307632"
"R202512-1-07","2025-12-01","2025","2025-12","2025-Q4","Fresh Table","U107","Food and Beverage","Retail Group A","Riyadh","Central","Palm Mall","Ground","East","172973","67459","11400","2661","3459","10644","QAR","105514","-7987","180960"
"R202512-1-08","2025-12-01","2025","2025-12","2025-Q4","Bean Street","U108","Food and Beverage","Retail Group B","Riyadh","Central","Palm Mall","First","West","133661","52128","8550","2056","3187","8841","QAR","81533","-2059","135720"
"R202512-1-09","2025-12-01","2025","2025-12","2025-Q4","Sweet Spot","U109","Food and Beverage","Retail Group C","Riyadh","Central","Palm Mall","Second","North","102735","40067","6840","1581","2846","5375","QAR","62668","-5841","108576"
"R202512-1-10","2025-12-01","2025","2025-12","2025-Q4","Home Living","U110","Home and Lifestyle","Retail Group A","Riyadh","Central","Palm Mall","Ground","South","255877","153526","16530","609","792","2253","QAR","102351","-6515","262392"
"R202512-1-11","2025-12-01","2025","2025-12","2025-Q4","Comfort Store","U111","Home and Lifestyle","Retail Group B","Riyadh","Central","Palm Mall","First","East","211848","127109","14250","504","781","2016","QAR","84739","-14352","226200"
"R202512-1-12","2025-12-01","2025","2025-12","2025-Q4","Decor Lane","U112","Home and Lifestyle","Retail Group C","Riyadh","Central","Palm Mall","Second","West","165984","99590","10830","395","711","1699","QAR","66394","-5928","171912"
"R202512-2-01","2025-12-01","2025","2025-12","2025-Q4","Nova Fashion","U201","Fashion","Retail Group A","Jeddah","West","Coast Mall","Ground","North","204706","116682","12968","731","950","2485","QAR","88024","-1136","205842"
"R202512-2-02","2025-12-01","2025","2025-12","2025-Q4","Urban Style","U202","Fashion","Retail Group B","Jeddah","West","Coast Mall","First","South","166486","94897","10973","595","922","2202","QAR","71589","-7688","174174"
"R202512-2-03","2025-12-01","2025","2025-12","2025-Q4","Linen House","U203","Fashion","Retail Group C","Jeddah","West","Coast Mall","Second","East","140344","79996","8978","501","902","2004","QAR","60348","-2162","142506"
"R202512-2-04","2025-12-01","2025","2025-12","2025-Q4","Tech Hub","U204","Electronics","Retail Group A","Jeddah","West","Coast Mall","Ground","West","359574","255298","23940","378","491","1625","QAR","104276","-20442","380016"
"R202512-2-05","2025-12-01","2025","2025-12","2025-Q4","Digital World","U205","Electronics","Retail Group B","Jeddah","West","Coast Mall","First","North","308818","219261","19950","325","504","1105","QAR","89557","-7862","316680"
"R202512-2-06","2025-12-01","2025","2025-12","2025-Q4","Smart Corner","U206","Electronics","Retail Group C","Jeddah","West","Coast Mall","Second","South","252099","178990","16958","265","477","980","QAR","73109","-17079","269178"
"R202512-2-07","2025-12-01","2025","2025-12","2025-Q4","Fresh Table","U207","Food and Beverage","Retail Group A","Jeddah","West","Coast Mall","Ground","East","152880","59623","9975","2352","3058","9408","QAR","93257","-5460","158340"
"R202512-2-08","2025-12-01","2025","2025-12","2025-Q4","Bean Street","U208","Food and Beverage","Retail Group B","Jeddah","West","Coast Mall","First","West","118100","46059","7481","1817","2816","7813","QAR","72041","-655","118755"
"R202512-2-09","2025-12-01","2025","2025-12","2025-Q4","Sweet Spot","U209","Food and Beverage","Retail Group C","Jeddah","West","Coast Mall","Second","North","90811","35416","5985","1397","2515","4750","QAR","55395","-4193","95004"
"R202512-2-10","2025-12-01","2025","2025-12","2025-Q4","Home Living","U210","Home and Lifestyle","Retail Group A","Jeddah","West","Coast Mall","Ground","South","226110","135666","14464","538","699","1991","QAR","90444","-3483","229593"
"R202512-2-11","2025-12-01","2025","2025-12","2025-Q4","Comfort Store","U211","Home and Lifestyle","Retail Group B","Jeddah","West","Coast Mall","First","East","187278","112367","12469","446","691","1784","QAR","74911","-10647","197925"
"R202512-2-12","2025-12-01","2025","2025-12","2025-Q4","Decor Lane","U212","Home and Lifestyle","Retail Group C","Jeddah","West","Coast Mall","Second","West","146688","88013","9476","349","628","1501","QAR","58675","-3735","150423"
"R202512-3-01","2025-12-01","2025","2025-12","2025-Q4","Nova Fashion","U301","Fashion","Retail Group A","Dammam","East","Oasis Mall","Ground","North","165241","94187","11115","590","767","2006","QAR","71054","-11195","176436"
"R202512-3-02","2025-12-01","2025","2025-12","2025-Q4","Urban Style","U302","Fashion","Retail Group B","Dammam","East","Oasis Mall","First","South","144144","82162","9405","515","798","1905","QAR","61982","-5148","149292"
"R202512-3-03","2025-12-01","2025","2025-12","2025-Q4","Linen House","U303","Fashion","Retail Group C","Dammam","East","Oasis Mall","Second","East","121474","69240","7695","434","781","1736","QAR","52234","-674","122148"
"R202512-3-04","2025-12-01","2025","2025-12","2025-Q4","Tech Hub","U304","Electronics","Retail Group A","Dammam","East","Oasis Mall","Ground","West","311351","221059","20520","328","426","1410","QAR","90292","-14377","325728"
"R202512-3-05","2025-12-01","2025","2025-12","2025-Q4","Digital World","U305","Electronics","Retail Group B","Dammam","East","Oasis Mall","First","North","267322","189799","17100","281","436","955","QAR","77523","-4118","271440"
"R202512-3-06","2025-12-01","2025","2025-12","2025-Q4","Smart Corner","U306","Electronics","Retail Group C","Dammam","East","Oasis Mall","Second","South","218313","155002","14535","230","414","851","QAR","63311","-12411","230724"
"R202512-3-07","2025-12-01","2025","2025-12","2025-Q4","Fresh Table","U307","Food and Beverage","Retail Group A","Dammam","East","Oasis Mall","Ground","East","132350","51617","8550","2036","2647","8144","QAR","80733","-3370","135720"
"R202512-3-08","2025-12-01","2025","2025-12","2025-Q4","Bean Street","U308","Food and Beverage","Retail Group B","Dammam","East","Oasis Mall","First","West","95332","37179","6413","1467","2274","6308","QAR","58153","-6458","101790"
"R202512-3-09","2025-12-01","2025","2025-12","2025-Q4","Sweet Spot","U309","Food and Beverage","Retail Group C","Dammam","East","Oasis Mall","Second","North","78624","30663","5130","1210","2178","4114","QAR","47961","-2808","81432"
"R202512-3-10","2025-12-01","2025","2025-12","2025-Q4","Home Living","U310","Home and Lifestyle","Retail Group A","Dammam","East","Oasis Mall","Ground","South","195708","117425","12398","466","606","1724","QAR","78283","-1086","196794"
"R202512-3-11","2025-12-01","2025","2025-12","2025-Q4","Comfort Store","U311","Home and Lifestyle","Retail Group B","Dammam","East","Oasis Mall","First","East","162162","97297","10688","386","598","1544","QAR","64865","-7488","169650"
"R202512-3-12","2025-12-01","2025","2025-12","2025-Q4","Decor Lane","U312","Home and Lifestyle","Retail Group C","Dammam","East","Oasis Mall","Second","West","126978","76187","8123","302","544","1299","QAR","50791","-1956","128934"
